Protein Group,Protein ID,Accession,Score (%),-10lgP,Coverage (%),#Peptides,#Unique,PTM,Avg. Mass,Description
1,22,Q72JN7|Q72JN7_THET2,99.2,450.83,80,44,44,Oxidation (M); Carbamidomethylation,42217,Membrane lipoprotein OS=Thermus thermophilus (strain ATCC BAA-163 / DSM 7039 / HB27) OX=262724 GN=TT_C0733 PE=3 SV=1
2,7,sp|P61490|CH60_THET2,99.2,434.15,41,45,45,Oxidation (M); Formylation,57889,Chaperonin GroEL OS=Thermus thermophilus (strain ATCC BAA-163 / DSM 7039 / HB27) OX=262724 GN=groEL PE=1 SV=2
7,4,Q72GZ7|Q72GZ7_THET2,99.2,405.12,40,30,27,,101002,Oxoglutarate dehydrogenase (succinyl-transferring) OS=Thermus thermophilus (strain ATCC BAA-163 / DSM 7039 / HB27) OX=262724 GN=TT_C1698 PE=4 SV=1
4,16,Q72IL1|Q72IL1_THET2,99.2,384.99,62,35,34,Oxidation (M),44674,Uncharacterized protein OS=Thermus thermophilus (strain ATCC BAA-163 / DSM 7039 / HB27) OX=262724 GN=TT_C1121 PE=4 SV=1
3,1,sp|Q72GW4|EFTU_THET2,99.2,383.85,64,37,37,Oxidation (M); Formylation; Carbamidomethylation,44782,Elongation factor Tu OS=Thermus thermophilus (strain ATCC BAA-163 / DSM 7039 / HB27) OX=262724 GN=tuf1 PE=3 SV=1
5,2,Q72L90|Q72L90_THET2,99.2,369.76,58,34,31,Oxidation (M),42080,Succinate--CoA ligase [ADP-forming] subunit beta OS=Thermus thermophilus (strain ATCC BAA-163 / DSM 7039 / HB27) OX=262724 GN=sucC PE=3 SV=1
15,5,sp|Q72GY7|PCKA_THET2,99.2,347.69,47,22,21,Oxidation (M); Carbamidomethylation,59315,Phosphoenolpyruvate carboxykinase (ATP) OS=Thermus thermophilus (strain ATCC BAA-163 / DSM 7039 / HB27) OX=262724 GN=pckA PE=3 SV=1
10,8,sp|Q72I01|EFG_THET2,99.2,345.58,40,23,22,Oxidation (M),76911,Elongation factor G OS=Thermus thermophilus (strain ATCC BAA-163 / DSM 7039 / HB27) OX=262724 GN=fusA PE=1 SV=1
50,73,Q72IH8|Q72IH8_THET2,99.1,340.84,57,14,13,Oxidation (M),26218,Hypothetical conserved protein OS=Thermus thermophilus (strain ATCC BAA-163 / DSM 7039 / HB27) OX=262724 GN=TT_C1154 PE=4 SV=1
57,12,sp|Q72HM6|RPOC_THET2,99.2,335.25,12,15,14,,170717,DNA-directed RNA polymerase subunit beta' OS=Thermus thermophilus (strain ATCC BAA-163 / DSM 7039 / HB27) OX=262724 GN=rpoC PE=3 SV=2
46,228,Q72IL4|Q72IL4_THET2,99.1,330.99,85,13,13,Oxidation (M),16015,Bacterioferritin OS=Thermus thermophilus (strain ATCC BAA-163 / DSM 7039 / HB27) OX=262724 GN=TT_C1118 PE=3 SV=1
18,26,Q72HS2|Q72HS2_THET2,99.2,329.06,63,21,20,Oxidation (M),32988,Fructose-bisphosphate aldolase OS=Thermus thermophilus (strain ATCC BAA-163 / DSM 7039 / HB27) OX=262724 GN=TT_C1414 PE=4 SV=1
8,6,Q72KN3|Q72KN3_THET2,99.2,318.20,31,26,25,Oxidation (M),99771,Aconitate hydratase OS=Thermus thermophilus (strain ATCC BAA-163 / DSM 7039 / HB27) OX=262724 GN=TT_C0374 PE=3 SV=1
11,41,Q72J67|Q72J67_THET2,99.2,318.07,34,24,24,Formylation,72148,V-type ATP synthase subunit I OS=Thermus thermophilus (strain ATCC BAA-163 / DSM 7039 / HB27) OX=262724 GN=TT_C0912 PE=3 SV=1
36,9,Q72KF0|Q72KF0_THET2,99.2,317.07,36,22,19,,79678,Multifunctional fusion protein OS=Thermus thermophilus (strain ATCC BAA-163 / DSM 7039 / HB27) OX=262724 GN=secD PE=3 SV=1
20,33,sp|Q72I32|RPOA_THET2,99.2,315.52,63,18,18,Oxidation (M),35013,DNA-directed RNA polymerase subunit alpha OS=Thermus thermophilus (strain ATCC BAA-163 / DSM 7039 / HB27) OX=262724 GN=rpoA PE=3 SV=1
29,72,Q72K12|Q72K12_THET2,99.2,305.67,64,12,12,Oxidation (M),28709,Phenylacetic acid degradation protein paaC OS=Thermus thermophilus (strain ATCC BAA-163 / DSM 7039 / HB27) OX=262724 GN=paaC PE=4 SV=1
26,115,sp|Q72GS1|RL10_THET2,99.2,304.24,80,13,12,Oxidation (M),18566,50S ribosomal protein L10 OS=Thermus thermophilus (strain ATCC BAA-163 / DSM 7039 / HB27) OX=262724 GN=rplJ PE=1 SV=1
45,76,sp|Q72I05|RL4_THET2,99.2,299.30,59,13,13,,22708,50S ribosomal protein L4 OS=Thermus thermophilus (strain ATCC BAA-163 / DSM 7039 / HB27) OX=262724 GN=rplD PE=1 SV=1
48,21,sp|Q72J70|VATC_THET2,99.2,297.09,49,16,16,,35947,V-type ATP synthase subunit C OS=Thermus thermophilus (strain ATCC BAA-163 / DSM 7039 / HB27) OX=262724 GN=atpC PE=3 SV=1
14,30,sp|P62662|RS2_THET2,99.2,295.75,55,19,18,Oxidation (M),29277,30S ribosomal protein S2 OS=Thermus thermophilus (strain ATCC BAA-163 / DSM 7039 / HB27) OX=262724 GN=rpsB PE=1 SV=2
37,39,sp|Q72I04|RL3_THET2,99.2,294.71,57,14,14,Oxidation (M); Carbamidomethylation,22408,50S ribosomal protein L3 OS=Thermus thermophilus (strain ATCC BAA-163 / DSM 7039 / HB27) OX=262724 GN=rplC PE=1 SV=1
49,18,Q72H64|Q72H64_THET2,99.2,292.97,26,14,14,,66897,Hypothetical conserved protein OS=Thermus thermophilus (strain ATCC BAA-163 / DSM 7039 / HB27) OX=262724 GN=TT_C1631 PE=4 SV=1
43,43,Q72L52|Q72L52_THET2,99.2,287.64,40,13,12,Oxidation (M),42148,Sugar-binding transport ATP-binding protein OS=Thermus thermophilus (strain ATCC BAA-163 / DSM 7039 / HB27) OX=262724 GN=TT_C0211 PE=4 SV=1
9,44,sp|Q72I16|RL5_THET2,99.2,283.20,66,19,18,,21044,50S ribosomal protein L5 OS=Thermus thermophilus (strain ATCC BAA-163 / DSM 7039 / HB27) OX=262724 GN=rplE PE=1 SV=3
61,50,Q72JH9|Q72JH9_THET2,99.2,283.16,43,11,11,,32605,Uncharacterized protein OS=Thermus thermophilus (strain ATCC BAA-163 / DSM 7039 / HB27) OX=262724 GN=TT_C0793 PE=4 SV=1
31,25,Q72JA6|Q72JA6_THET2,99.2,282.26,51,13,13,Oxidation (M),38949,Spermidine/putrescine-binding protein OS=Thermus thermophilus (strain ATCC BAA-163 / DSM 7039 / HB27) OX=262724 GN=TT_C0873 PE=3 SV=1
62,48,sp|P61488|AK_THET2,99.1,280.65,26,9,9,,43333,Aspartokinase OS=Thermus thermophilus (strain ATCC BAA-163 / DSM 7039 / HB27) OX=262724 GN=ask PE=3 SV=1
39,3,Q72H84|Q72H84_THET2,99.2,276.09,39,13,13,,51195,Pyruvate kinase OS=Thermus thermophilus (strain ATCC BAA-163 / DSM 7039 / HB27) OX=262724 GN=TT_C1611 PE=3 SV=1
32,17,sp|P62420|PGK_THET2,99.2,275.07,43,16,16,,41791,Phosphoglycerate kinase OS=Thermus thermophilus (strain ATCC BAA-163 / DSM 7039 / HB27) OX=262724 GN=pgk PE=3 SV=1
27,56,Q72GQ8|Q72GQ8_THET2,99.2,272.31,39,14,14,Oxidation (M),40289,C4-dicarboxylate-binding protein OS=Thermus thermophilus (strain ATCC BAA-163 / DSM 7039 / HB27) OX=262724 GN=TT_C1790 PE=3 SV=1
42,24,sp|Q72IH2|GLYA_THET2,99.2,270.00,46,18,17,Oxidation (M),44533,Serine hydroxymethyltransferase OS=Thermus thermophilus (strain ATCC BAA-163 / DSM 7039 / HB27) OX=262724 GN=glyA PE=3 SV=2
72,100,Q72K56|Q72K56_THET2,99.2,268.56,61,9,9,Carbamidomethylation,23002,Thiol:disulfide interchange protein dsbA OS=Thermus thermophilus (strain ATCC BAA-163 / DSM 7039 / HB27) OX=262724 GN=dsbA PE=4 SV=1
21,23,sp|O66271|FUMC_THET2,99.2,267.23,32,13,13,Oxidation (M),50883,Fumarate hydratase class II OS=Thermus thermophilus (strain ATCC BAA-163 / DSM 7039 / HB27) OX=262724 GN=fumC PE=3 SV=2
38,28,Q72IN8|Q72IN8_THET2,99.2,267.14,43,18,18,,40727,ABC transporter substrate-binding protein OS=Thermus thermophilus (strain ATCC BAA-163 / DSM 7039 / HB27) OX=262724 GN=TT_C1094 PE=4 SV=1
12,124,Q72IL2|Q72IL2_THET2,99.2,261.44,88,18,17,,15743,Small heat shock protein OS=Thermus thermophilus (strain ATCC BAA-163 / DSM 7039 / HB27) OX=262724 GN=TT_C1120 PE=3 SV=1
47,10,Q72L70|Q72L70_THET2,99.2,259.42,28,21,19,,90024,Outer membrane protein OS=Thermus thermophilus (strain ATCC BAA-163 / DSM 7039 / HB27) OX=262724 GN=TT_C0193 PE=4 SV=1
59,154,sp|Q72HR2|RL21_THET2,99.1,259.33,73,13,11,,11047,50S ribosomal protein L21 OS=Thermus thermophilus (strain ATCC BAA-163 / DSM 7039 / HB27) OX=262724 GN=rplU PE=1 SV=1
33,169,Q72HC5|Q72HC5_THET2,99.1,258.43,44,14,14,Oxidation (M),25991,Cytochrome c OS=Thermus thermophilus (strain ATCC BAA-163 / DSM 7039 / HB27) OX=262724 GN=TT_C1570 PE=4 SV=1
22,35,Q72L91|Q72L91_THET2,99.2,257.43,58,14,14,Oxidation (M); Carbamidomethylation,29808,Succinate--CoA ligase [ADP-forming] subunit alpha OS=Thermus thermophilus (strain ATCC BAA-163 / DSM 7039 / HB27) OX=262724 GN=sucD PE=3 SV=1
53,51,sp|Q72I07|RL2_THET2,99.2,255.72,46,16,16,,30468,50S ribosomal protein L2 OS=Thermus thermophilus (strain ATCC BAA-163 / DSM 7039 / HB27) OX=262724 GN=rplB PE=1 SV=1
44,101,sp|Q72IA7|RL25_THET2,99.2,253.82,67,12,12,,23205,50S ribosomal protein L25 OS=Thermus thermophilus (strain ATCC BAA-163 / DSM 7039 / HB27) OX=262724 GN=rplY PE=1 SV=1
89,160,Q72H17|Q72H17_THET2,99.1,252.50,34,7,7,,28040,Enoyl-[acyl-carrier-protein] reductase [NADH] OS=Thermus thermophilus (strain ATCC BAA-163 / DSM 7039 / HB27) OX=262724 GN=fabL PE=3 SV=1
81,70,sp|Q72IE5|GUAA_THET2,99.1,252.39,21,9,9,,55789,GMP synthase [glutamine-hydrolyzing] OS=Thermus thermophilus (strain ATCC BAA-163 / DSM 7039 / HB27) OX=262724 GN=guaA PE=3 SV=1
28,105,Q72IL7|Q72IL7_THET2,99.2,251.83,83,12,11,Oxidation (M),16861,Uncharacterized protein OS=Thermus thermophilus (strain ATCC BAA-163 / DSM 7039 / HB27) OX=262724 GN=TT_C1115 PE=4 SV=1
34,42,sp|Q72GV9|RL1_THET2,99.2,251.74,57,16,13,Oxidation (M),24826,50S ribosomal protein L1 OS=Thermus thermophilus (strain ATCC BAA-163 / DSM 7039 / HB27) OX=262724 GN=rplA PE=1 SV=3
63,149,Q72JK2|Q72JK2_THET2,99.1,250.99,19,13,13,Oxidation (M),62528,Subunit II of C(O/B)3-type cytochrome c oxidase OS=Thermus thermophilus (strain ATCC BAA-163 / DSM 7039 / HB27) OX=262724 GN=TT_C0770 PE=3 SV=1
78,181,sp|Q72I20|RL18_THET2,99.1,250.56,56,8,6,,12612,50S ribosomal protein L18 OS=Thermus thermophilus (strain ATCC BAA-163 / DSM 7039 / HB27) OX=262724 GN=rplR PE=1 SV=3
70,65,sp|Q72GD1|NUOD_THET2,99.1,248.12,20,8,8,,46423,NADH-quinone oxidoreductase subunit D OS=Thermus thermophilus (strain ATCC BAA-163 / DSM 7039 / HB27) OX=262724 GN=nuoD PE=3 SV=1
25,152,sp|P62665|RS5_THET2,99.0,245.79,49,9,8,Oxidation (M),17557,30S ribosomal protein S5 OS=Thermus thermophilus (strain ATCC BAA-163 / DSM 7039 / HB27) OX=262724 GN=rpsE PE=1 SV=2
83,108,sp|Q72J35|UPP_THET2,99.2,244.12,54,10,8,,22762,Uracil phosphoribosyltransferase OS=Thermus thermophilus (strain ATCC BAA-163 / DSM 7039 / HB27) OX=262724 GN=upp PE=1 SV=1
58,94,sp|P62658|RS17_THET2,99.1,236.43,68,11,10,Oxidation (M),12297,30S ribosomal protein S17 OS=Thermus thermophilus (strain ATCC BAA-163 / DSM 7039 / HB27) OX=262724 GN=rpsQ PE=1 SV=2
55,54,Q72J07|Q72J07_THET2,99.2,235.31,31,10,10,,38056,PrcB_C domain-containing protein OS=Thermus thermophilus (strain ATCC BAA-163 / DSM 7039 / HB27) OX=262724 GN=TT_C0974 PE=4 SV=1
23,77,sp|P62668|RS8_THET2,99.2,235.25,71,15,14,Oxidation (M); Carbamidomethylation,15837,30S ribosomal protein S8 OS=Thermus thermophilus (strain ATCC BAA-163 / DSM 7039 / HB27) OX=262724 GN=rpsH PE=1 SV=1
94,165,Q72KA7|Q72KA7_THET2,99.0,233.28,35,7,6,,24340,Hypothetical membrane spanning protein OS=Thermus thermophilus (strain ATCC BAA-163 / DSM 7039 / HB27) OX=262724 GN=TT_C0540 PE=4 SV=1
110,185,sp|Q72JV2|TTUD_THET2,99.1,232.74,32,7,7,,32925,Sulfur carrier protein TtuD OS=Thermus thermophilus (strain ATCC BAA-163 / DSM 7039 / HB27) OX=262724 GN=ttuD PE=1 SV=1
74,19,Q72J48|Q72J48_THET2,99.2,232.29,22,12,10,,70765,Methionine--tRNA ligase OS=Thermus thermophilus (strain ATCC BAA-163 / DSM 7039 / HB27) OX=262724 GN=metG PE=3 SV=1
192,123,Q72IG4|Q72IG4_THET2,98.9,228.46,14,4,4,,65313,Putative oligoendopeptidase F protein OS=Thermus thermophilus (strain ATCC BAA-163 / DSM 7039 / HB27) OX=262724 GN=TT_C1168 PE=3 SV=1
122,36,sp|Q72JM6|LON2_THET2,99.1,227.02,14,7,6,Oxidation (M); Carbamidomethylation,90513,Lon protease 2 OS=Thermus thermophilus (strain ATCC BAA-163 / DSM 7039 / HB27) OX=262724 GN=lon2 PE=3 SV=1
41,177,Q72KI4|Q72KI4_THET2,99.0,226.18,63,7,7,,15517,Uncharacterized protein OS=Thermus thermophilus (strain ATCC BAA-163 / DSM 7039 / HB27) OX=262724 GN=TT_C0476 PE=4 SV=1
76,68,Q72LI4|Q72LI4_THET2,99.1,220.35,29,9,9,,47917,Membrane protein insertase YidC OS=Thermus thermophilus (strain ATCC BAA-163 / DSM 7039 / HB27) OX=262724 GN=yidC PE=3 SV=1
126,45,Q72IC1|Q72IC1_THET2,99.1,217.95,21,6,6,,46113,Glutamate dehydrogenase OS=Thermus thermophilus (strain ATCC BAA-163 / DSM 7039 / HB27) OX=262724 GN=TT_C1211 PE=1 SV=1
13,29,sp|P62664|RS4_THET2,99.2,217.32,59,20,20,Carbamidomethylation,24324,30S ribosomal protein S4 OS=Thermus thermophilus (strain ATCC BAA-163 / DSM 7039 / HB27) OX=262724 GN=rpsD PE=1 SV=2
51,20,sp|Q72IK5|DNAK_THET2,99.2,217.11,24,15,15,,66810,Chaperone protein DnaK OS=Thermus thermophilus (strain ATCC BAA-163 / DSM 7039 / HB27) OX=262724 GN=dnaK PE=3 SV=1
88,40,Q72GU9|Q72GU9_THET2,99.1,216.57,30,8,7,Carbamidomethylation,31340,3-hydroxyisobutyrate dehydrogenase OS=Thermus thermophilus (strain ATCC BAA-163 / DSM 7039 / HB27) OX=262724 GN=TT_C1749 PE=4 SV=1
64,52,Q72IP2|Q72IP2_THET2,99.1,216.17,30,11,10,Oxidation (M),39016,Succinate dehydrogenase flavoprotein subunit-like protein OS=Thermus thermophilus (strain ATCC BAA-163 / DSM 7039 / HB27) OX=262724 GN=TT_C1090 PE=4 SV=1
116,110,Q72GQ1|Q72GQ1_THET2,99.0,214.04,33,5,5,,20511,Hypothetical conserved protein OS=Thermus thermophilus (strain ATCC BAA-163 / DSM 7039 / HB27) OX=262724 GN=TT_C1797 PE=4 SV=1
6,34,Q72IL3|Q72IL3_THET2,99.2,213.96,65,26,25,Oxidation (M),25667,Heat-stable protein OS=Thermus thermophilus (strain ATCC BAA-163 / DSM 7039 / HB27) OX=262724 GN=TT_C1119 PE=4 SV=1
67,112,Q72HD6|Q72HD6_THET2,99.1,213.74,17,7,7,,60375,Uncharacterized protein OS=Thermus thermophilus (strain ATCC BAA-163 / DSM 7039 / HB27) OX=262724 GN=TT_C1557 PE=4 SV=1
135,144,sp|Q746B8|PXPA_THET2,99.1,213.50,37,6,5,Oxidation (M),26780,5-oxoprolinase subunit A OS=Thermus thermophilus (strain ATCC BAA-163 / DSM 7039 / HB27) OX=262724 GN=pxpA PE=3 SV=1
69,82,Q72HB6|Q72HB6_THET2,98.8,211.70,35,6,6,,21629,Hypothetical exported protein OS=Thermus thermophilus (strain ATCC BAA-163 / DSM 7039 / HB27) OX=262724 GN=TT_C1579 PE=3 SV=1
123,59,Q72JU1|Q72JU1_THET2,99.1,210.60,16,6,6,,62693,Methylmalonyl-CoA mutase large subunit OS=Thermus thermophilus (strain ATCC BAA-163 / DSM 7039 / HB27) OX=262724 GN=TT_C0677 PE=4 SV=1
256,102,sp|Q72LP1|GLMU_THET2,99.0,209.85,17,5,4,,48657,Bifunctional protein GlmU OS=Thermus thermophilus (strain ATCC BAA-163 / DSM 7039 / HB27) OX=262724 GN=glmU PE=3 SV=2
134,140,Q72HV6|Q72HV6_THET2,99.0,207.66,34,5,5,,25984,3-oxoadipate enol-lactonase OS=Thermus thermophilus (strain ATCC BAA-163 / DSM 7039 / HB27) OX=262724 GN=TT_C1376 PE=4 SV=1
244,58,sp|Q72KS4|LON1_THET2,99.0,206.10,14,5,5,Formylation,89312,Lon protease 1 OS=Thermus thermophilus (strain ATCC BAA-163 / DSM 7039 / HB27) OX=262724 GN=lon1 PE=3 SV=1
118,217,Q72LK7|Q72LK7_THET2,98.8,204.79,45,5,4,,17727,Probable nitrilotriacetate monooxygenase component B OS=Thermus thermophilus (strain ATCC BAA-163 / DSM 7039 / HB27) OX=262724 GN=TT_C0052 PE=1 SV=1
111,161,Q72L39|Q72L39_THET2,99.0,204.56,41,5,5,Oxidation (M); Carbamidomethylation,21367,Thiol-disulfide isomerase/thioredoxin OS=Thermus thermophilus (strain ATCC BAA-163 / DSM 7039 / HB27) OX=262724 GN=TT_C0224 PE=4 SV=1
65,11,sp|Q72IK9|CLPB_THET2,99.2,204.45,19,12,10,,96141,Chaperone protein ClpB OS=Thermus thermophilus (strain ATCC BAA-163 / DSM 7039 / HB27) OX=262724 GN=clpB PE=3 SV=1
115,120,Q72I24|Q72I24_THET2,99.1,204.19,16,6,5,,48195,Protein translocase subunit SecY OS=Thermus thermophilus (strain ATCC BAA-163 / DSM 7039 / HB27) OX=262724 GN=secY PE=3 SV=1
107,135,sp|P62667|RS7_THET2,99.1,203.72,46,7,7,,18016,30S ribosomal protein S7 OS=Thermus thermophilus (strain ATCC BAA-163 / DSM 7039 / HB27) OX=262724 GN=rpsG PE=1 SV=2
155,46,Q72L83|Q72L83_THET2,99.1,203.04,28,6,6,Formylation,36038,Aspartate-semialdehyde dehydrogenase OS=Thermus thermophilus (strain ATCC BAA-163 / DSM 7039 / HB27) OX=262724 GN=asd PE=3 SV=1
202,398,sp|Q72KH8|END4_THET2,98.2,202.67,24,5,3,,29051,Endonuclease 4 OS=Thermus thermophilus (strain ATCC BAA-163 / DSM 7039 / HB27) OX=262724 GN=nfo PE=1 SV=1
19,37,Q72GZ6|Q72GZ6_THET2,99.2,199.92,22,15,13,Oxidation (M),44611,Dihydrolipoyllysine-residue succinyltransferase component of 2-oxoglutarate dehydrogenase complex OS=Thermus thermophilus (strain ATCC BAA-163 / DSM 7039 / HB27) OX=262724 GN=TT_C1699 PE=3 SV=1
90,13,sp|Q72HM5|RPOB_THET2,99.1,199.67,9,8,6,Oxidation (M),125260,DNA-directed RNA polymerase subunit beta OS=Thermus thermophilus (strain ATCC BAA-163 / DSM 7039 / HB27) OX=262724 GN=rpoB PE=3 SV=1
168,201,Q72JI9|Q72JI9_THET2,99.1,199.05,18,6,5,Oxidation (M),57439,Putative propionyl-CoA carboxylase beta chain OS=Thermus thermophilus (strain ATCC BAA-163 / DSM 7039 / HB27) OX=262724 GN=TT_C0783 PE=4 SV=1
104,156,Q72IR3|Q72IR3_THET2,99.0,196.83,42,6,6,,20214,Putative dehydratase OS=Thermus thermophilus (strain ATCC BAA-163 / DSM 7039 / HB27) OX=262724 GN=TT_C1069 PE=3 SV=1
189,131,Q72HK0|Q72HK0_THET2,98.8,196.55,34,6,6,,27602,ABC transporter ATP-binding protein OS=Thermus thermophilus (strain ATCC BAA-163 / DSM 7039 / HB27) OX=262724 GN=TT_C1487 PE=3 SV=1
17,14,Q72J03|Q72J03_THET2,99.2,196.20,37,19,17,Oxidation (M),42285,Citrate synthase OS=Thermus thermophilus (strain ATCC BAA-163 / DSM 7039 / HB27) OX=262724 GN=TT_C0978 PE=3 SV=1
139,193,Q72L60|Q72L60_THET2,98.9,196.13,61,5,4,,15540,Probable small heat shock protein OS=Thermus thermophilus (strain ATCC BAA-163 / DSM 7039 / HB27) OX=262724 GN=TT_C0203 PE=3 SV=1
16,55,sp|Q72I19|RL6_THET2,99.2,196.06,80,17,16,Oxidation (M),19532,50S ribosomal protein L6 OS=Thermus thermophilus (strain ATCC BAA-163 / DSM 7039 / HB27) OX=262724 GN=rplF PE=1 SV=1
132,47,sp|Q72JC8|ILVC_THET2,99.0,196.05,20,5,5,,37078,Ketol-acid reductoisomerase (NADP(+)) OS=Thermus thermophilus (strain ATCC BAA-163 / DSM 7039 / HB27) OX=262724 GN=ilvC PE=3 SV=1
77,157,Q72H95|Q72H95_THET2,99.0,193.31,33,7,6,,19216,Inorganic pyrophosphatase OS=Thermus thermophilus (strain ATCC BAA-163 / DSM 7039 / HB27) OX=262724 GN=ppa PE=3 SV=1
92,63,Q72IN7|Q72IN7_THET2,99.1,193.11,31,7,6,,33873,ABC transporter ATP-binding protein OS=Thermus thermophilus (strain ATCC BAA-163 / DSM 7039 / HB27) OX=262724 GN=TT_C1095 PE=4 SV=1
75,114,sp|Q72I14|RL14_THET2,99.1,192.87,68,8,8,,13289,50S ribosomal protein L14 OS=Thermus thermophilus (strain ATCC BAA-163 / DSM 7039 / HB27) OX=262724 GN=rplN PE=1 SV=1
100,294,sp|P62654|RS11_THET2,98.8,191.89,35,5,5,,13713,30S ribosomal protein S11 OS=Thermus thermophilus (strain ATCC BAA-163 / DSM 7039 / HB27) OX=262724 GN=rpsK PE=1 SV=2
66,162,sp|Q72I09|RL22_THET2,99.1,190.59,50,7,6,Oxidation (M),12780,50S ribosomal protein L22 OS=Thermus thermophilus (strain ATCC BAA-163 / DSM 7039 / HB27) OX=262724 GN=rplV PE=1 SV=1
87,255,Q72I34|Q72I34_THET2,98.7,189.87,26,5,3,,18002,Uncharacterized protein OS=Thermus thermophilus (strain ATCC BAA-163 / DSM 7039 / HB27) OX=262724 GN=TT_C1298 PE=4 SV=1
56,194,Q72JK3|Q72JK3_THET2,98.8,188.75,43,7,6,,18563,Cytochrome-c oxidase OS=Thermus thermophilus (strain ATCC BAA-163 / DSM 7039 / HB27) OX=262724 GN=TT_C0769 PE=4 SV=1
106,139,sp|P61941|RS12_THET2,99.1,188.12,54,8,8,Carbamidomethylation,14599,30S ribosomal protein S12 OS=Thermus thermophilus (strain ATCC BAA-163 / DSM 7039 / HB27) OX=262724 GN=rpsL PE=1 SV=2
60,92,sp|Q72J47|RPIA_THET2,99.2,188.01,51,10,10,,24039,Ribose-5-phosphate isomerase A OS=Thermus thermophilus (strain ATCC BAA-163 / DSM 7039 / HB27) OX=262724 GN=rpiA PE=1 SV=1
133,93,Q72K10|Q72K10_THET2,99.1,187.51,24,7,5,Oxidation (M); Carbamidomethylation,37375,Phenylacetic acid degradation protein paaA OS=Thermus thermophilus (strain ATCC BAA-163 / DSM 7039 / HB27) OX=262724 GN=paaA PE=4 SV=1
79,136,sp|P62657|RS15_THET2,99.1,186.88,69,7,6,Oxidation (M),10554,30S ribosomal protein S15 OS=Thermus thermophilus (strain ATCC BAA-163 / DSM 7039 / HB27) OX=262724 GN=rpsO PE=1 SV=2
71,99,Q72GP6|Q72GP6_THET2,99.1,186.80,24,9,7,Oxidation (M),45455,Dihydrolipoamide acetyltransferase component of pyruvate dehydrogenase complex OS=Thermus thermophilus (strain ATCC BAA-163 / DSM 7039 / HB27) OX=262724 GN=TT_C1802 PE=3 SV=1
112,88,sp|P83453|SYY_THET2,99.0,186.02,15,6,5,,48718,Tyrosine--tRNA ligase OS=Thermus thermophilus (strain ATCC BAA-163 / DSM 7039 / HB27) OX=262724 GN=tyrS PE=1 SV=1
258,86,Q72IP9|Q72IP9_THET2,98.7,185.67,13,4,3,,48409,4-hydroxybutyrate coenzyme A transferase OS=Thermus thermophilus (strain ATCC BAA-163 / DSM 7039 / HB27) OX=262724 GN=TT_C1083 PE=3 SV=1
119,192,Q72IW7|Q72IW7_THET2,98.8,184.73,29,5,5,,23036,Competence protein pilN OS=Thermus thermophilus (strain ATCC BAA-163 / DSM 7039 / HB27) OX=262724 GN=pilN PE=1 SV=1
131,62,sp|Q72LI9|SYE_THET2,99.1,183.08,18,6,6,,53940,Glutamate--tRNA ligase OS=Thermus thermophilus (strain ATCC BAA-163 / DSM 7039 / HB27) OX=262724 GN=gltX PE=3 SV=1
128,143,Q72LN2|Q72LN2_THET2,99.0,183.03,32,6,5,,24411,Cehydrogenase OS=Thermus thermophilus (strain ATCC BAA-163 / DSM 7039 / HB27) OX=262724 GN=TT_C0026 PE=4 SV=1
102,64,sp|Q72IB8|PRODH_THET2,99.1,182.71,21,6,5,,35492,Proline dehydrogenase OS=Thermus thermophilus (strain ATCC BAA-163 / DSM 7039 / HB27) OX=262724 GN=TT_C1214 PE=1 SV=1
173,222,Q72JP2|Q72JP2_THET2,98.8,181.22,37,5,5,,17635,Hypothetical conserved protein OS=Thermus thermophilus (strain ATCC BAA-163 / DSM 7039 / HB27) OX=262724 GN=TT_C0726 PE=4 SV=1
54,49,sp|Q72J95|ACSA_THET2,99.2,180.80,16,14,13,,73076,Acetyl-coenzyme A synthetase OS=Thermus thermophilus (strain ATCC BAA-163 / DSM 7039 / HB27) OX=262724 GN=acsA PE=3 SV=1
68,145,sp|Q72I06|RL23_THET2,99.1,180.43,75,9,9,,10737,50S ribosomal protein L23 OS=Thermus thermophilus (strain ATCC BAA-163 / DSM 7039 / HB27) OX=262724 GN=rplW PE=1 SV=1
109,121,sp|Q72L32|HEMH_THET2,99.1,179.08,24,7,6,,35651,Ferrochelatase OS=Thermus thermophilus (strain ATCC BAA-163 / DSM 7039 / HB27) OX=262724 GN=hemH PE=3 SV=1
40,125,sp|Q72IN1|RL13_THET2,99.2,178.41,56,13,10,Oxidation (M),15895,50S ribosomal protein L13 OS=Thermus thermophilus (strain ATCC BAA-163 / DSM 7039 / HB27) OX=262724 GN=rplM PE=1 SV=2
324,27,Q72IG0|Q72IG0_THET2,96.8,174.07,11,3,2,,54425,Isocitrate dehydrogenase (NADP(+)) OS=Thermus thermophilus (strain ATCC BAA-163 / DSM 7039 / HB27) OX=262724 GN=TT_C1172 PE=3 SV=1
138,90,Q72GS8|Q72GS8_THET2,99.1,173.77,28,6,6,Oxidation (M),38647,Alanine dehydrogenase OS=Thermus thermophilus (strain ATCC BAA-163 / DSM 7039 / HB27) OX=262724 GN=TT_C1770 PE=3 SV=1
35,141,sp|Q72JU9|RL19_THET2,99.1,173.75,43,9,8,,17181,50S ribosomal protein L19 OS=Thermus thermophilus (strain ATCC BAA-163 / DSM 7039 / HB27) OX=262724 GN=rplS PE=1 SV=1
296,91,Q72GT6|Q72GT6_THET2,84.4,173.47,12,3,3,,38087,Glucose-1-phosphate thymidylyltransferase OS=Thermus thermophilus (strain ATCC BAA-163 / DSM 7039 / HB27) OX=262724 GN=TT_C1762 PE=4 SV=1
289,163,Q72LE4|Q72LE4_THET2,98.4,172.54,18,3,3,,35492,Homoserine dehydrogenase OS=Thermus thermophilus (strain ATCC BAA-163 / DSM 7039 / HB27) OX=262724 GN=TT_C0115 PE=3 SV=1
114,53,Q72LK6|Q72LK6_THET2,99.1,170.69,15,6,6,,69384,Hypothetical conserved protein OS=Thermus thermophilus (strain ATCC BAA-163 / DSM 7039 / HB27) OX=262724 GN=TT_C0053 PE=4 SV=1
86,234,Q72HC8|Q72HC8_THET2,97.3,170.00,14,7,7,Oxidation (M),46713,Menaquinol-cytochrome C reductase cytochrome B subunit OS=Thermus thermophilus (strain ATCC BAA-163 / DSM 7039 / HB27) OX=262724 GN=TT_C1567 PE=4 SV=1
24,138,sp|Q72I33|RL17_THET2,99.1,169.56,52,9,8,,13715,50S ribosomal protein L17 OS=Thermus thermophilus (strain ATCC BAA-163 / DSM 7039 / HB27) OX=262724 GN=rplQ PE=1 SV=1
161,188,sp|Q72JN9|THYX_THET2,96.9,168.95,12,4,2,,31007,Flavin-dependent thymidylate synthase OS=Thermus thermophilus (strain ATCC BAA-163 / DSM 7039 / HB27) OX=262724 GN=thyX PE=3 SV=1
98,81,sp|Q72I23|RL15_THET2,99.1,167.70,46,8,8,,16281,50S ribosomal protein L15 OS=Thermus thermophilus (strain ATCC BAA-163 / DSM 7039 / HB27) OX=262724 GN=rplO PE=1 SV=1
108,57,Q72GY3|Q72GY3_THET2,99.1,167.08,13,6,6,,58014,Metal-dependent carboxypeptidase OS=Thermus thermophilus (strain ATCC BAA-163 / DSM 7039 / HB27) OX=262724 GN=TT_C1715 PE=1 SV=1
226,130,sp|Q72L58|GATA_THET2,98.7,167.05,17,5,3,,50314,Glutamyl-tRNA(Gln) amidotransferase subunit A OS=Thermus thermophilus (strain ATCC BAA-163 / DSM 7039 / HB27) OX=262724 GN=gatA PE=3 SV=1
84,190,Q72IN6|Q72IN6_THET2,98.9,163.63,17,5,3,,34524,ABC transporter permease protein OS=Thermus thermophilus (strain ATCC BAA-163 / DSM 7039 / HB27) OX=262724 GN=TT_C1096 PE=4 SV=1
73,148,sp|Q72L76|RL20_THET2,98.8,163.52,34,6,6,,13743,50S ribosomal protein L20 OS=Thermus thermophilus (strain ATCC BAA-163 / DSM 7039 / HB27) OX=262724 GN=rplT PE=1 SV=1
144,107,sp|Q72GX5|PSTB_THET2,98.8,163.31,23,4,4,Oxidation (M),30488,Phosphate import ATP-binding protein PstB OS=Thermus thermophilus (strain ATCC BAA-163 / DSM 7039 / HB27) OX=262724 GN=pstB PE=3 SV=1
160,106,Q746P3|Q746P3_THET2,97.3,160.47,11,4,3,,43722,Precorrin-6Y C5 15-methyltransferase OS=Thermus thermophilus (strain ATCC BAA-163 / DSM 7039 / HB27) OX=262724 GN=TT_P0010 PE=4 SV=1
262,215,sp|Q72J69|VATE_THET2,98.4,160.42,26,4,4,,20588,V-type ATP synthase subunit E OS=Thermus thermophilus (strain ATCC BAA-163 / DSM 7039 / HB27) OX=262724 GN=atpE PE=3 SV=1
375,503,sp|Q72L31|DCUP_THET2,84.4,159.23,14,2,2,,37784,Uroporphyrinogen decarboxylase OS=Thermus thermophilus (strain ATCC BAA-163 / DSM 7039 / HB27) OX=262724 GN=hemE PE=3 SV=2
172,199,sp|Q72JL7|FOLD_THET2,98.9,158.39,20,6,3,Carbamidomethylation,30546,Bifunctional protein FolD OS=Thermus thermophilus (strain ATCC BAA-163 / DSM 7039 / HB27) OX=262724 GN=folD PE=3 SV=1
149,75,Q72GM3|Q72GM3_THET2,98.9,155.24,8,5,5,,101032,Leucine--tRNA ligase OS=Thermus thermophilus (strain ATCC BAA-163 / DSM 7039 / HB27) OX=262724 GN=leuS PE=1 SV=1
247,83,Q72IC7|Q72IC7_THET2,98.5,154.19,12,3,3,,38259,Deoxyhypusine synthase-like protein OS=Thermus thermophilus (strain ATCC BAA-163 / DSM 7039 / HB27) OX=262724 GN=TT_C1205 PE=3 SV=1
378,380,Q72IF5|Q72IF5_THET2,84.4,153.43,29,2,2,,15393,Uncharacterized protein OS=Thermus thermophilus (strain ATCC BAA-163 / DSM 7039 / HB27) OX=262724 GN=TT_C1177 PE=4 SV=1
298,240,Q72J82|Q72J82_THET2,84.4,152.92,8,3,3,,57194,4-alpha-glucanotransferase OS=Thermus thermophilus (strain ATCC BAA-163 / DSM 7039 / HB27) OX=262724 GN=TT_C0897 PE=3 SV=1
257,84,Q72HP0|Q72HP0_THET2,98.7,152.73,14,4,3,,46530,Amidase/amidotransferase OS=Thermus thermophilus (strain ATCC BAA-163 / DSM 7039 / HB27) OX=262724 GN=TT_C1446 PE=4 SV=1
156,97,Q72GL5|Q72GL5_THET2,99.0,150.44,26,5,5,,34040,Quinone oxidoreductase OS=Thermus thermophilus (strain ATCC BAA-163 / DSM 7039 / HB27) OX=262724 GN=TT_C1833 PE=3 SV=1
158,167,Q72IW6|Q72IW6_THET2,98.4,149.61,20,3,3,,21369,Competence protein pilO OS=Thermus thermophilus (strain ATCC BAA-163 / DSM 7039 / HB27) OX=262724 GN=pilO PE=4 SV=1
377,1134,Q72HC6|Q72HC6_THET2,84.4,148.77,27,2,2,,17639,Putative cytochrome c OS=Thermus thermophilus (strain ATCC BAA-163 / DSM 7039 / HB27) OX=262724 GN=TT_C1569 PE=4 SV=1
52,32,Q72J17|Q72J17_THET2,99.2,148.60,20,15,14,,59942,5'-nucleotidase OS=Thermus thermophilus (strain ATCC BAA-163 / DSM 7039 / HB27) OX=262724 GN=TT_C0964 PE=3 SV=1
93,218,sp|P62238|RS16_THET2,99.1,148.01,56,7,7,,10387,30S ribosomal protein S16 OS=Thermus thermophilus (strain ATCC BAA-163 / DSM 7039 / HB27) OX=262724 GN=rpsP PE=1 SV=1
399,259,Q72LL5|Q72LL5_THET2,61.7,147.79,9,2,2,,42580,Deoxyguanosinetriphosphate triphosphohydrolase-like protein OS=Thermus thermophilus (strain ATCC BAA-163 / DSM 7039 / HB27) OX=262724 GN=TT_C0044 PE=3 SV=1
103,85,Q72GD3|Q72GD3_THET2,99.1,147.76,17,6,6,,48618,NADH-quinone oxidoreductase subunit F OS=Thermus thermophilus (strain ATCC BAA-163 / DSM 7039 / HB27) OX=262724 GN=TT_C1915 PE=3 SV=1
157,264,Q72GD2|Q72GD2_THET2,98.4,147.38,20,4,3,,20286,NADH-quinone oxidoreductase chain E OS=Thermus thermophilus (strain ATCC BAA-163 / DSM 7039 / HB27) OX=262724 GN=TT_C1916 PE=3 SV=1
273,212,Q72IL9|Q72IL9_THET2,61.7,147.08,29,2,2,,16558,RCK C-terminal domain-containing protein OS=Thermus thermophilus (strain ATCC BAA-163 / DSM 7039 / HB27) OX=262724 GN=TT_C1113 PE=4 SV=1
99,230,Q72HC7|Q72HC7_THET2,61.7,146.36,19,3,3,,22438,Rieske iron-sulfur protein OS=Thermus thermophilus (strain ATCC BAA-163 / DSM 7039 / HB27) OX=262724 GN=TT_C1568 PE=4 SV=1
282,127,sp|Q72GT4|PURA_THET2,99.0,145.18,19,5,5,,44879,Adenylosuccinate synthetase OS=Thermus thermophilus (strain ATCC BAA-163 / DSM 7039 / HB27) OX=262724 GN=purA PE=3 SV=1
434,155,sp|Q72GY6|G6PI_THET2,84.4,141.70,12,2,2,Oxidation (M),45874,Glucose-6-phosphate isomerase OS=Thermus thermophilus (strain ATCC BAA-163 / DSM 7039 / HB27) OX=262724 GN=pgi PE=3 SV=2
97,66,Q72IP3|Q72IP3_THET2,99.1,140.69,25,7,7,,26607,Succinate dehydrogenase iron-sulfur subunit OS=Thermus thermophilus (strain ATCC BAA-163 / DSM 7039 / HB27) OX=262724 GN=TT_C1089 PE=3 SV=1
320,71,Q72KR0|Q72KR0_THET2,98.6,140.41,17,3,3,,33057,Metallo-beta-lactamase protein OS=Thermus thermophilus (strain ATCC BAA-163 / DSM 7039 / HB27) OX=262724 GN=TT_C0458 PE=4 SV=1
436,338,Q72IX4|Q72IX4_THET2,84.4,139.57,21,2,2,,15706,Uncharacterized protein OS=Thermus thermophilus (strain ATCC BAA-163 / DSM 7039 / HB27) OX=262724 GN=TT_C1007 PE=4 SV=1
120,174,sp|P62442|RL11_THET2,98.8,137.73,23,4,4,,15505,50S ribosomal protein L11 OS=Thermus thermophilus (strain ATCC BAA-163 / DSM 7039 / HB27) OX=262724 GN=rplK PE=1 SV=1
127,96,Q72GJ7|Q72GJ7_THET2,99.1,137.21,25,6,5,,25028,Phosphate-specific transport system accessory protein PhoU OS=Thermus thermophilus (strain ATCC BAA-163 / DSM 7039 / HB27) OX=262724 GN=phoU PE=3 SV=1
232,203,Q72I62|Q72I62_THET2,84.4,136.78,8,2,2,,37396,Dipeptide transport system permease protein dppB OS=Thermus thermophilus (strain ATCC BAA-163 / DSM 7039 / HB27) OX=262724 GN=dppB PE=3 SV=1
372,249,Q72HH6|Q72HH6_THET2,98.4,135.97,28,3,3,,22638,Uncharacterized protein OS=Thermus thermophilus (strain ATCC BAA-163 / DSM 7039 / HB27) OX=262724 GN=TT_C1511 PE=4 SV=1
380,183,Q72J78|Q72J78_THET2,84.4,135.54,8,2,2,,43795,Zinc protease OS=Thermus thermophilus (strain ATCC BAA-163 / DSM 7039 / HB27) OX=262724 GN=TT_C0901 PE=4 SV=1
150,80,Q72GV7|Q72GV7_THET2,99.1,135.36,27,6,6,,29840,Single-stranded DNA-binding protein OS=Thermus thermophilus (strain ATCC BAA-163 / DSM 7039 / HB27) OX=262724 GN=TT_C1741 PE=3 SV=1
435,200,Q72HI6|Q72HI6_THET2,84.4,134.82,9,2,2,,64062,Oligoendopeptidase F OS=Thermus thermophilus (strain ATCC BAA-163 / DSM 7039 / HB27) OX=262724 GN=TT_C1501 PE=3 SV=1
297,343,Q72GT2|Q72GT2_THET2,84.4,134.61,21,2,2,,20269,Hypoxanthine phosphoribosyltransferase OS=Thermus thermophilus (strain ATCC BAA-163 / DSM 7039 / HB27) OX=262724 GN=TT_C1766 PE=3 SV=1
259,104,Q72KI2|Q72KI2_THET2,98.7,134.04,9,4,3,,58583,Uncharacterized protein OS=Thermus thermophilus (strain ATCC BAA-163 / DSM 7039 / HB27) OX=262724 GN=TT_C0478 PE=4 SV=1
373,95,sp|Q72GF9|SYP_THET2,98.4,132.59,8,3,3,,54514,Proline--tRNA ligase OS=Thermus thermophilus (strain ATCC BAA-163 / DSM 7039 / HB27) OX=262724 GN=proS PE=3 SV=1
95,216,Q72IL6|Q72IL6_THET2,98.8,131.98,30,5,5,,15827,Small heat shock protein OS=Thermus thermophilus (strain ATCC BAA-163 / DSM 7039 / HB27) OX=262724 GN=TT_C1116 PE=3 SV=1
174,98,Q72HE7|Q72HE7_THET2,98.8,131.49,9,4,4,,59101,Uncharacterized protein OS=Thermus thermophilus (strain ATCC BAA-163 / DSM 7039 / HB27) OX=262724 GN=TT_C1540 PE=3 SV=1
264,109,Q72HJ8|Q72HJ8_THET2,97.2,130.37,8,3,2,,47944,ABC transporter ATP-binding protein OS=Thermus thermophilus (strain ATCC BAA-163 / DSM 7039 / HB27) OX=262724 GN=TT_C1489 PE=3 SV=1
291,205,Q72KP3|Q72KP3_THET2,98.4,129.87,20,3,3,,23457,Uncharacterized protein OS=Thermus thermophilus (strain ATCC BAA-163 / DSM 7039 / HB27) OX=262724 GN=TT_C0322 PE=4 SV=1
200,204,Q72JQ3|Q72JQ3_THET2,98.4,129.69,31,3,3,,24393,Uncharacterized protein OS=Thermus thermophilus (strain ATCC BAA-163 / DSM 7039 / HB27) OX=262724 GN=TT_C0715 PE=4 SV=1
165,189,sp|Q72K02|FBPAP_THET2,84.4,129.12,9,3,2,,40389,Fructose-1 6-bisphosphate aldolase/phosphatase OS=Thermus thermophilus (strain ATCC BAA-163 / DSM 7039 / HB27) OX=262724 GN=fbp PE=1 SV=1
142,211,Q72IW4|Q72IW4_THET2,84.4,127.80,4,2,2,,82638,Competence protein pilQ OS=Thermus thermophilus (strain ATCC BAA-163 / DSM 7039 / HB27) OX=262724 GN=pilQ PE=3 SV=1
140,258,Q72I43|Q72I43_THET2,98.1,127.10,13,4,2,,39576,Uncharacterized protein OS=Thermus thermophilus (strain ATCC BAA-163 / DSM 7039 / HB27) OX=262724 GN=TT_C1289 PE=4 SV=1
397,309,Q72IM1|Q72IM1_THET2,61.7,126.16,11,2,2,,31051,Periplasmic serine protease OS=Thermus thermophilus (strain ATCC BAA-163 / DSM 7039 / HB27) OX=262724 GN=TT_C1111 PE=4 SV=1
322,126,Q746D7|Q746D7_THET2,98.5,125.68,17,3,3,Oxidation (M),30848,Hypothetical conserved protein OS=Thermus thermophilus (strain ATCC BAA-163 / DSM 7039 / HB27) OX=262724 GN=TT_P0118 PE=4 SV=1
179,128,Q72II3|Q72II3_THET2,94.1,125.37,6,4,2,,48826,Adenylosuccinate lyase OS=Thermus thermophilus (strain ATCC BAA-163 / DSM 7039 / HB27) OX=262724 GN=TT_C1149 PE=3 SV=1
288,191,Q72H24|Q72H24_THET2,98.6,125.26,6,4,4,,89156,Cytochrome c oxidase polypeptide I+III OS=Thermus thermophilus (strain ATCC BAA-163 / DSM 7039 / HB27) OX=262724 GN=TT_C1671 PE=3 SV=1
327,171,Q72J58|Q72J58_THET2,73.5,125.03,9,2,2,,39063,Uncharacterized protein OS=Thermus thermophilus (strain ATCC BAA-163 / DSM 7039 / HB27) OX=262724 GN=TT_C0921 PE=4 SV=1
190,113,Q72H23|Q72H23_THET2,98.7,124.55,12,4,4,Oxidation (M),37271,Cytochrome c oxidase subunit 2 OS=Thermus thermophilus (strain ATCC BAA-163 / DSM 7039 / HB27) OX=262724 GN=TT_C1672 PE=3 SV=1
323,117,Q72L13|Q72L13_THET2,97.7,124.31,12,3,3,Formylation,56427,Nicotinate phosphoribosyltransferase OS=Thermus thermophilus (strain ATCC BAA-163 / DSM 7039 / HB27) OX=262724 GN=TT_C0252 PE=3 SV=1
96,79,Q72I44|Q72I44_THET2,99.1,123.34,14,8,7,,43034,Maltose/maltodextrin-binding protein OS=Thermus thermophilus (strain ATCC BAA-163 / DSM 7039 / HB27) OX=262724 GN=TT_C1288 PE=1 SV=1
130,299,sp|Q72ID8|ARGR_THET2,82.7,122.71,15,2,1,,18143,Arginine repressor OS=Thermus thermophilus (strain ATCC BAA-163 / DSM 7039 / HB27) OX=262724 GN=argR PE=3 SV=1
193,168,Q72GG2|Q72GG2_THET2,98.9,121.56,15,4,4,,35135,Exopolyphosphatase family protein OS=Thermus thermophilus (strain ATCC BAA-163 / DSM 7039 / HB27) OX=262724 GN=TT_C1886 PE=4 SV=1
334,132,Q72JI4|Q72JI4_THET2,98.3,121.11,14,3,3,,45018,Aminopeptidase OS=Thermus thermophilus (strain ATCC BAA-163 / DSM 7039 / HB27) OX=262724 GN=TT_C0788 PE=3 SV=1
30,31,sp|P61977|MDH_THET2,99.1,120.94,27,13,10,Oxidation (M); Carbamidomethylation,35426,Malate dehydrogenase OS=Thermus thermophilus (strain ATCC BAA-163 / DSM 7039 / HB27) OX=262724 GN=mdh PE=3 SV=1
290,150,Q72LF6|Q72LF6_THET2,98.4,120.71,25,3,3,Carbamidomethylation,23006,Acetoin utilization acuB protein OS=Thermus thermophilus (strain ATCC BAA-163 / DSM 7039 / HB27) OX=262724 GN=acuB PE=4 SV=1
283,176,Q72IC3|Q72IC3_THET2,94.5,119.88,14,2,2,,24125,Putative dehydrogenase OS=Thermus thermophilus (strain ATCC BAA-163 / DSM 7039 / HB27) OX=262724 GN=TT_C1209 PE=4 SV=1
228,223,Q72IC0|Q72IC0_THET2,97.8,118.79,8,4,2,,44568,Glutamate dehydrogenase OS=Thermus thermophilus (strain ATCC BAA-163 / DSM 7039 / HB27) OX=262724 GN=TT_C1212 PE=1 SV=1
245,261,Q72GZ8|Q72GZ8_THET2,90.6,118.10,16,2,2,,27542,Enoyl-CoA hydratase OS=Thermus thermophilus (strain ATCC BAA-163 / DSM 7039 / HB27) OX=262724 GN=TT_C1697 PE=3 SV=1
215,1258,Q72I40|Q72I40_THET2,77.6,116.63,9,2,2,,15871,Uncharacterized protein OS=Thermus thermophilus (strain ATCC BAA-163 / DSM 7039 / HB27) OX=262724 GN=TT_C1292 PE=4 SV=1
85,175,Q72KV5|Q72KV5_THET2,98.4,115.57,6,4,3,,69794,Uncharacterized protein OS=Thermus thermophilus (strain ATCC BAA-163 / DSM 7039 / HB27) OX=262724 GN=TT_C0386 PE=4 SV=1
194,116,sp|Q72GE2|SYR_THET2,96.6,115.57,7,3,2,Formylation,66199,Arginine--tRNA ligase OS=Thermus thermophilus (strain ATCC BAA-163 / DSM 7039 / HB27) OX=262724 GN=argS PE=3 SV=1
82,179,sp|P62659|RS18_THET2,98.9,114.92,38,4,4,,10231,30S ribosomal protein S18 OS=Thermus thermophilus (strain ATCC BAA-163 / DSM 7039 / HB27) OX=262724 GN=rpsR PE=1 SV=2
429,348,Q72IP8|Q72IP8_THET2,67.4,114.10,8,1,1,,27818,Sec-independent protein tatD OS=Thermus thermophilus (strain ATCC BAA-163 / DSM 7039 / HB27) OX=262724 GN=tatD PE=4 SV=1
235,902,Q72LQ6|Q72LQ6_THET2,81.4,113.68,12,2,1,,26961,Dehydrogenase OS=Thermus thermophilus (strain ATCC BAA-163 / DSM 7039 / HB27) OX=262724 GN=TT_C0002 PE=4 SV=1
274,283,sp|P61728|RISB_THET2,61.7,113.14,16,2,2,,16647,6 7-dimethyl-8-ribityllumazine synthase OS=Thermus thermophilus (strain ATCC BAA-163 / DSM 7039 / HB27) OX=262724 GN=ribH PE=3 SV=1
117,182,sp|Q72G84|RL28_THET2,99.0,112.25,42,5,5,Carbamidomethylation,11006,50S ribosomal protein L28 OS=Thermus thermophilus (strain ATCC BAA-163 / DSM 7039 / HB27) OX=262724 GN=rpmB PE=1 SV=1
396,908,Q72LF0|Q72LF0_THET2,61.7,111.24,12,1,1,,27339,Hypothetical conserved protein OS=Thermus thermophilus (strain ATCC BAA-163 / DSM 7039 / HB27) OX=262724 GN=TT_C0109 PE=4 SV=1
213,298,Q72GR8|Q72GR8_THET2,96.8,110.59,12,3,3,,39972,NAD/NADP transhydrogenase alpha subunit 1 OS=Thermus thermophilus (strain ATCC BAA-163 / DSM 7039 / HB27) OX=262724 GN=TT_C1780 PE=1 SV=1
248,274,Q72IJ8|Q72IJ8_THET2,98.4,109.66,8,3,3,Oxidation (M),72532,Translation elongation and release factors (GTPases) OS=Thermus thermophilus (strain ATCC BAA-163 / DSM 7039 / HB27) OX=262724 GN=TT_C1134 PE=3 SV=1
502,1850,Q72IH0|Q72IH0_THET2,61.7,109.49,8,1,1,,30940,Hydroxymethylglutaryl-CoA lyase OS=Thermus thermophilus (strain ATCC BAA-163 / DSM 7039 / HB27) OX=262724 GN=TT_C1162 PE=3 SV=1
370,256,Q72LI1|Q72LI1_THET2,84.2,108.50,11,2,2,,27946,Branched-chain amino acid transport ATP-binding protein livG OS=Thermus thermophilus (strain ATCC BAA-163 / DSM 7039 / HB27) OX=262724 GN=livG PE=4 SV=1
230,378,Q72J44|Q72J44_THET2,96.3,108.38,11,3,1,,28462,Putative transport system permease ABC transporter protein OS=Thermus thermophilus (strain ATCC BAA-163 / DSM 7039 / HB27) OX=262724 GN=TT_C0935 PE=4 SV=1
204,323,Q72I91|Q72I91_THET2,96.5,107.82,7,3,2,,69598,Acylamino-acid-releasing enzyme OS=Thermus thermophilus (strain ATCC BAA-163 / DSM 7039 / HB27) OX=262724 GN=TT_C1241 PE=4 SV=1
376,119,sp|Q72HA1|SYFA_THET2,84.4,107.44,11,2,2,,39249,Phenylalanine--tRNA ligase alpha subunit OS=Thermus thermophilus (strain ATCC BAA-163 / DSM 7039 / HB27) OX=262724 GN=pheS PE=3 SV=1
292,244,sp|Q72KD8|EFTS_THET2,98.4,106.59,17,3,3,,22383,Elongation factor Ts OS=Thermus thermophilus (strain ATCC BAA-163 / DSM 7039 / HB27) OX=262724 GN=tsf PE=3 SV=1
302,1220,Q72LK2|Q72LK2_THET2,81.9,105.18,22,2,1,,22702,NADH dehydrogenase OS=Thermus thermophilus (strain ATCC BAA-163 / DSM 7039 / HB27) OX=262724 GN=TT_C0057 PE=4 SV=1
187,133,Q72H68|Q72H68_THET2,98.9,105.08,8,4,4,,48119,Trehalose/maltose-binding protein OS=Thermus thermophilus (strain ATCC BAA-163 / DSM 7039 / HB27) OX=262724 GN=TT_C1627 PE=4 SV=1
224,419,Q72L89|Q72L89_THET2,65.6,105.05,6,2,1,,39325,N(4)-bis(aminopropyl)spermidine synthase OS=Thermus thermophilus (strain ATCC BAA-163 / DSM 7039 / HB27) OX=262724 GN=bpsA PE=1 SV=1
201,78,Q72J50|Q72J50_THET2,98.3,104.72,7,3,3,,47751,Tail-specific protease OS=Thermus thermophilus (strain ATCC BAA-163 / DSM 7039 / HB27) OX=262724 GN=TT_C0929 PE=3 SV=1
263,246,Q72H97|Q72H97_THET2,97.6,101.71,17,3,2,,29188,Ribosomal RNA small subunit methyltransferase I OS=Thermus thermophilus (strain ATCC BAA-163 / DSM 7039 / HB27) OX=262724 GN=rsmI PE=3 SV=1
124,280,sp|Q72GD5|NUOH_THET2,98.8,101.66,11,4,3,,41009,NADH-quinone oxidoreductase subunit H OS=Thermus thermophilus (strain ATCC BAA-163 / DSM 7039 / HB27) OX=262724 GN=nuoH PE=3 SV=1
503,627,sp|P96137|ARGJ_THET2,61.7,100.98,7,1,1,,40302,Arginine biosynthesis bifunctional protein ArgJ OS=Thermus thermophilus (strain ATCC BAA-163 / DSM 7039 / HB27) OX=262724 GN=argJ PE=3 SV=2
293,103,Q72JN6|Q72JN6_THET2,95.7,100.97,6,3,1,,54151,Sugar transport ATP-binding protein OS=Thermus thermophilus (strain ATCC BAA-163 / DSM 7039 / HB27) OX=262724 GN=TT_C0734 PE=4 SV=1
206,253,Q72IU5|Q72IU5_THET2,84.4,100.67,15,2,2,,20665,CcmG protein OS=Thermus thermophilus (strain ATCC BAA-163 / DSM 7039 / HB27) OX=262724 GN=ccmG PE=4 SV=1
340,382,Q72J05|Q72J05_THET2,76.3,100.29,5,2,1,,67880,Multidrug resistance ABC transporter ATP-binding and permease protein OS=Thermus thermophilus (strain ATCC BAA-163 / DSM 7039 / HB27) OX=262724 GN=TT_C0976 PE=1 SV=1
233,344,sp|P62661|RS20_THET2,84.4,100.22,26,3,3,,11689,30S ribosomal protein S20 OS=Thermus thermophilus (strain ATCC BAA-163 / DSM 7039 / HB27) OX=262724 GN=rpsT PE=1 SV=2
336,151,sp|Q72GD0|NUOC_THET2,84.4,100.11,24,2,2,Oxidation (M),23859,NADH-quinone oxidoreductase subunit C OS=Thermus thermophilus (strain ATCC BAA-163 / DSM 7039 / HB27) OX=262724 GN=nuoC PE=3 SV=1
141,491,Q72J68|Q72J68_THET2,89.3,99.43,23,3,2,,9836,V-type sodium ATP synthase subunit K Homolog OS=Thermus thermophilus (strain ATCC BAA-163 / DSM 7039 / HB27) OX=262724 GN=TT_C0911 PE=3 SV=1
265,1140,Q72I70|Q72I70_THET2,84.4,97.79,14,2,2,,20753,Uncharacterized protein OS=Thermus thermophilus (strain ATCC BAA-163 / DSM 7039 / HB27) OX=262724 GN=TT_C1262 PE=4 SV=1
492,69,Q72JG4|Q72JG4_THET2,61.7,97.31,3,1,1,,91965,Glycogen phosphorylase OS=Thermus thermophilus (strain ATCC BAA-163 / DSM 7039 / HB27) OX=262724 GN=TT_C0808 PE=3 SV=1
159,247,Q72GE0|Q72GE0_THET2,97.5,97.22,6,4,1,,49193,NADH-quinone oxidoreductase chain M OS=Thermus thermophilus (strain ATCC BAA-163 / DSM 7039 / HB27) OX=262724 GN=TT_C1908 PE=3 SV=1
398,366,Q72HM0|Q72HM0_THET2,61.7,96.89,10,1,1,,22411,RNA 2' 3'-cyclic phosphodiesterase OS=Thermus thermophilus (strain ATCC BAA-163 / DSM 7039 / HB27) OX=262724 GN=TT_C1467 PE=3 SV=1
101,180,sp|P62669|RS9_THET2,98.8,96.49,26,4,3,,14402,30S ribosomal protein S9 OS=Thermus thermophilus (strain ATCC BAA-163 / DSM 7039 / HB27) OX=262724 GN=rpsI PE=1 SV=1
162,271,Q72KI7|Q72KI7_THET2,96.8,96.15,10,3,1,,28892,Thiol:disulfide interchange protein tlpA OS=Thermus thermophilus (strain ATCC BAA-163 / DSM 7039 / HB27) OX=262724 GN=tlpA PE=3 SV=1
284,362,Q72J43|Q72J43_THET2,93.9,95.55,5,2,1,,53042,Probable ATP transporter  ATP-binding protein OS=Thermus thermophilus (strain ATCC BAA-163 / DSM 7039 / HB27) OX=262724 GN=TT_C0938 PE=4 SV=1
488,330,sp|Q93R93|LYSJ_THET2,74.3,95.24,4,1,1,,43451,[LysW]-aminoadipate semialdehyde transaminase OS=Thermus thermophilus (strain ATCC BAA-163 / DSM 7039 / HB27) OX=262724 GN=lysJ PE=1 SV=1
143,315,Q72LJ0|Q72LJ0_THET2,84.4,95.20,24,3,3,,18012,Uncharacterized protein OS=Thermus thermophilus (strain ATCC BAA-163 / DSM 7039 / HB27) OX=262724 GN=TT_C0069 PE=4 SV=1
361,153,sp|Q72LB1|GCST_THET2,94.8,94.96,8,2,2,,37884,Aminomethyltransferase OS=Thermus thermophilus (strain ATCC BAA-163 / DSM 7039 / HB27) OX=262724 GN=gcvT PE=3 SV=1
285,391,Q72JT1|Q72JT1_THET2,91.8,94.78,7,2,1,,45119,Putative protease/transporter OS=Thermus thermophilus (strain ATCC BAA-163 / DSM 7039 / HB27) OX=262724 GN=TT_C0687 PE=4 SV=1
249,221,sp|Q72KE8|IF2_THET2,97.4,94.71,4,3,2,,63178,Translation initiation factor IF-2 OS=Thermus thermophilus (strain ATCC BAA-163 / DSM 7039 / HB27) OX=262724 GN=infB PE=3 SV=1
80,173,sp|Q72J62|Y917_THET2,99.1,94.53,20,8,8,,24183,UPF0173 metal-dependent hydrolase TT_C0917 OS=Thermus thermophilus (strain ATCC BAA-163 / DSM 7039 / HB27) OX=262724 GN=TT_C0917 PE=3 SV=1
487,786,Q72KD5|Q72KD5_THET2,75.9,94.38,16,1,1,,20340,Phosphohydrolase (MutT/nudix family protein) OS=Thermus thermophilus (strain ATCC BAA-163 / DSM 7039 / HB27) OX=262724 GN=mutT PE=3 SV=1
472,536,Q72JA3|Q72JA3_THET2,73.8,94.20,6,1,1,,40863,Spermidine/putrescine transport ATP-binding protein potA OS=Thermus thermophilus (strain ATCC BAA-163 / DSM 7039 / HB27) OX=262724 GN=potA PE=4 SV=1
175,235,Q72HF7|Q72HF7_THET2,98.4,94.03,10,3,3,,37344,Peripheral subunit-binding (PSBD) domain-containing protein OS=Thermus thermophilus (strain ATCC BAA-163 / DSM 7039 / HB27) OX=262724 GN=TT_C1530 PE=3 SV=1
314,372,Q72IW8|Q72IW8_THET2,61.7,94.02,6,2,1,,41399,Pilus-associated protein pilM OS=Thermus thermophilus (strain ATCC BAA-163 / DSM 7039 / HB27) OX=262724 GN=pilM PE=1 SV=1
501,1154,Q72GC0|Q72GC0_THET2,61.7,93.87,11,1,1,,28626,Inositol-1-monophosphatase OS=Thermus thermophilus (strain ATCC BAA-163 / DSM 7039 / HB27) OX=262724 GN=TT_C1928 PE=3 SV=1
499,314,sp|Q72GV5|RL9_THET2,61.7,93.80,17,1,1,,16411,50S ribosomal protein L9 OS=Thermus thermophilus (strain ATCC BAA-163 / DSM 7039 / HB27) OX=262724 GN=rplI PE=1 SV=1
339,329,Q72GS6|Q72GS6_THET2,77.8,93.15,4,2,1,,56102,Predicted kinase OS=Thermus thermophilus (strain ATCC BAA-163 / DSM 7039 / HB27) OX=262724 GN=TT_C1772 PE=4 SV=1
379,213,Q72KC8|Q72KC8_THET2,84.4,92.85,8,2,2,,29510,Chorismate synthase OS=Thermus thermophilus (strain ATCC BAA-163 / DSM 7039 / HB27) OX=262724 GN=TT_C0518 PE=4 SV=1
216,74,Q72GB8|Q72GB8_THET2,98.7,92.82,2,4,4,Formylation,198664,Ribonucleoside-diphosphate reductase OS=Thermus thermophilus (strain ATCC BAA-163 / DSM 7039 / HB27) OX=262724 GN=TT_C1930 PE=3 SV=1
452,1133,Q72H94|Q72H94_THET2,61.7,90.89,16,1,1,,21916,Uncharacterized protein OS=Thermus thermophilus (strain ATCC BAA-163 / DSM 7039 / HB27) OX=262724 GN=TT_C1601 PE=4 SV=1
504,289,Q72I26|Q72I26_THET2,61.7,89.59,6,1,1,,27821,Methionine aminopeptidase OS=Thermus thermophilus (strain ATCC BAA-163 / DSM 7039 / HB27) OX=262724 GN=map PE=3 SV=1
374,209,Q72HR8|Q72HR8_THET2,98.0,89.20,37,3,2,,13004,Ribosomal silencing factor RsfS OS=Thermus thermophilus (strain ATCC BAA-163 / DSM 7039 / HB27) OX=262724 GN=rsfS PE=3 SV=1
364,529,sp|Q72JG7|SYV_THET2,82.5,88.32,3,2,1,,98544,Valine--tRNA ligase OS=Thermus thermophilus (strain ATCC BAA-163 / DSM 7039 / HB27) OX=262724 GN=valS PE=3 SV=1
222,931,Q746P2|Q746P2_THET2,82.1,87.93,12,2,1,,24251,Precorrin-2 C20-methyltransferase OS=Thermus thermophilus (strain ATCC BAA-163 / DSM 7039 / HB27) OX=262724 GN=TT_P0011 PE=3 SV=1
113,38,sp|Q72HA0|SYFB_THET2,98.7,87.78,5,6,3,,86656,Phenylalanine--tRNA ligase beta subunit OS=Thermus thermophilus (strain ATCC BAA-163 / DSM 7039 / HB27) OX=262724 GN=pheT PE=3 SV=1
337,286,sp|Q72IW9|HICDH_THET2,84.1,87.34,7,2,2,,35922,Homoisocitrate dehydrogenase OS=Thermus thermophilus (strain ATCC BAA-163 / DSM 7039 / HB27) OX=262724 GN=hicd PE=1 SV=1
500,1053,Q72K77|Q72K77_THET2,61.7,86.39,13,1,1,,22339,Uncharacterized protein OS=Thermus thermophilus (strain ATCC BAA-163 / DSM 7039 / HB27) OX=262724 GN=TT_C0294 PE=4 SV=1
326,370,Q72HF5|Q72HF5_THET2,78.0,85.43,3,2,1,,100680,S-layer protein OS=Thermus thermophilus (strain ATCC BAA-163 / DSM 7039 / HB27) OX=262724 GN=TT_C1532 PE=4 SV=1
321,87,Q72LC9|Q72LC9_THET2,97.4,84.78,4,3,2,,59696,Malate synthase OS=Thermus thermophilus (strain ATCC BAA-163 / DSM 7039 / HB27) OX=262724 GN=TT_C0130 PE=3 SV=1
145,403,Q72I46|Q72I46_THET2,97.7,84.64,8,4,2,,48954,Maltose transport system permease protein malG OS=Thermus thermophilus (strain ATCC BAA-163 / DSM 7039 / HB27) OX=262724 GN=malG PE=3 SV=1
424,142,Q72G73|Q72G73_THET2,96.7,84.29,5,2,2,,76800,Endopeptidase La OS=Thermus thermophilus (strain ATCC BAA-163 / DSM 7039 / HB27) OX=262724 GN=TT_C1975 PE=3 SV=1
457,1151,Q72JL5|Q72JL5_THET2,61.7,82.67,29,2,2,,12071,Hypothetical conserved protein OS=Thermus thermophilus (strain ATCC BAA-163 / DSM 7039 / HB27) OX=262724 GN=TT_C0757 PE=3 SV=1
325,186,sp|Q72KH6|SYD_THET2,88.9,82.10,4,2,2,,66030,Aspartate--tRNA ligase OS=Thermus thermophilus (strain ATCC BAA-163 / DSM 7039 / HB27) OX=262724 GN=aspS PE=3 SV=1
453,296,Q72JS3|Q72JS3_THET2,61.7,81.25,5,1,1,,49939,Magnesium transporter MgtE OS=Thermus thermophilus (strain ATCC BAA-163 / DSM 7039 / HB27) OX=262724 GN=mgtE PE=3 SV=1
308,224,Q72IZ1|Q72IZ1_THET2,75.8,81.11,2,2,1,,89094,DNA gyrase subunit A OS=Thermus thermophilus (strain ATCC BAA-163 / DSM 7039 / HB27) OX=262724 GN=gyrA PE=3 SV=1
260,122,sp|Q72KF7|SYN_THET2,98.6,80.78,9,4,3,,50759,Asparagine--tRNA ligase OS=Thermus thermophilus (strain ATCC BAA-163 / DSM 7039 / HB27) OX=262724 GN=asnS PE=3 SV=1
188,15,Q72J15|Q72J15_THET2,98.8,80.06,9,5,4,,41634,Leucine-  isoleucine-  valine-  threonine-  and alanine-binding protein OS=Thermus thermophilus (strain ATCC BAA-163 / DSM 7039 / HB27) OX=262724 GN=TT_C0966 PE=3 SV=1
440,263,Q72GE7|Q72GE7_THET2,84.4,79.87,18,2,2,Oxidation (M),30314,2-nitropropane dioxygenase OS=Thermus thermophilus (strain ATCC BAA-163 / DSM 7039 / HB27) OX=262724 GN=TT_C1901 PE=4 SV=1
437,360,Q72KU5|Q72KU5_THET2,84.4,79.87,12,2,2,,42679,Putative exported protein OS=Thermus thermophilus (strain ATCC BAA-163 / DSM 7039 / HB27) OX=262724 GN=TT_C0396 PE=4 SV=1
266,273,Q72KI3|Q72KI3_THET2,84.3,79.67,9,2,2,,22725,Acetoin utilization acuB protein OS=Thermus thermophilus (strain ATCC BAA-163 / DSM 7039 / HB27) OX=262724 GN=acuB PE=4 SV=1
129,233,sp|Q72HR3|RL27_THET2,98.3,79.50,27,4,3,,9480,50S ribosomal protein L27 OS=Thermus thermophilus (strain ATCC BAA-163 / DSM 7039 / HB27) OX=262724 GN=rpmA PE=1 SV=3
506,415,Q72HH2|Q72HH2_THET2,61.7,79.32,8,1,1,,29270,PhaN OS=Thermus thermophilus (strain ATCC BAA-163 / DSM 7039 / HB27) OX=262724 GN=phaN PE=4 SV=1
505,1728,sp|Q72L15|CLPP_THET2,61.7,78.87,17,1,1,,21393,ATP-dependent Clp protease proteolytic subunit OS=Thermus thermophilus (strain ATCC BAA-163 / DSM 7039 / HB27) OX=262724 GN=clpP PE=3 SV=2
227,245,sp|P62666|RS6_THET2,98.3,78.56,24,3,3,,11973,30S ribosomal protein S6 OS=Thermus thermophilus (strain ATCC BAA-163 / DSM 7039 / HB27) OX=262724 GN=rpsF PE=1 SV=1
91,265,Q72LF9|Q72LF9_THET2,97.5,78.30,7,5,1,,49831,Oligopeptide transport system permease protein appC OS=Thermus thermophilus (strain ATCC BAA-163 / DSM 7039 / HB27) OX=262724 GN=appC PE=3 SV=1
507,293,Q72JD1|Q72JD1_THET2,61.7,78.20,4,1,1,,57128,(R)-citramalate synthase OS=Thermus thermophilus (strain ATCC BAA-163 / DSM 7039 / HB27) OX=262724 GN=TT_C0847 PE=3 SV=1
303,1242,Q72IK2|Q72IK2_THET2,81.0,78.14,6,2,1,,32840,Putative protease IV transmembrane protein OS=Thermus thermophilus (strain ATCC BAA-163 / DSM 7039 / HB27) OX=262724 GN=TT_C1130 PE=3 SV=1
151,416,sp|Q72H22|COXX_THET2,78.4,77.78,3,2,1,,65771,Protoheme IX farnesyltransferase OS=Thermus thermophilus (strain ATCC BAA-163 / DSM 7039 / HB27) OX=262724 GN=ctaB PE=3 SV=1
299,266,sp|Q72I11|RL16_THET2,84.4,77.70,13,2,2,,15947,50S ribosomal protein L16 OS=Thermus thermophilus (strain ATCC BAA-163 / DSM 7039 / HB27) OX=262724 GN=rplP PE=1 SV=1
207,387,sp|Q72LP2|LGT_THET2,80.2,77.42,7,2,1,,32152,Phosphatidylglycerol--prolipoprotein diacylglyceryl transferase OS=Thermus thermophilus (strain ATCC BAA-163 / DSM 7039 / HB27) OX=262724 GN=lgt PE=3 SV=1
493,206,Q72HJ4|Q72HJ4_THET2,61.7,76.85,6,1,1,,51635,Anthranilate synthase component 1 OS=Thermus thermophilus (strain ATCC BAA-163 / DSM 7039 / HB27) OX=262724 GN=trpE PE=3 SV=1
400,270,Q72G93|Q72G93_THET2,61.7,76.71,6,1,1,,31753,Acetyltransferase OS=Thermus thermophilus (strain ATCC BAA-163 / DSM 7039 / HB27) OX=262724 GN=TT_C1955 PE=4 SV=1
473,468,sp|Q72JP9|MURG_THET2,74.0,76.39,7,1,1,,35974,UDP-N-acetylglucosamine--N-acetylmuramyl-(pentapeptide) pyrophosphoryl-undecaprenol N-acetylglucosamine transferase OS=Thermus thermophilus (strain ATCC BAA-163 / DSM 7039 / HB27) OX=262724 GN=murG PE=3 SV=1
177,412,Q72JH8|Q72JH8_THET2,97.0,75.67,4,4,1,,69506,Hypothetical membrane spanning protein OS=Thermus thermophilus (strain ATCC BAA-163 / DSM 7039 / HB27) OX=262724 GN=TT_C0794 PE=4 SV=1
371,895,Q72IA0|Q72IA0_THET2,74.9,74.89,7,2,1,,64392,Uncharacterized protein OS=Thermus thermophilus (strain ATCC BAA-163 / DSM 7039 / HB27) OX=262724 GN=TT_C1232 PE=4 SV=1
491,208,Q72J04|Q72J04_THET2,65.0,74.76,5,1,1,,64554,Multidrug resistance ABC transporter ATP-binding and permease protein OS=Thermus thermophilus (strain ATCC BAA-163 / DSM 7039 / HB27) OX=262724 GN=TT_C0977 PE=1 SV=1
508,1851,Q72GI0|Q72GI0_THET2,61.7,74.30,22,1,1,,9241,Uncharacterized protein OS=Thermus thermophilus (strain ATCC BAA-163 / DSM 7039 / HB27) OX=262724 GN=TT_C1868 PE=4 SV=1
420,147,Q72LB5|Q72LB5_THET2,81.7,73.65,5,2,2,,64813,NADP-dependent malic enzyme OS=Thermus thermophilus (strain ATCC BAA-163 / DSM 7039 / HB27) OX=262724 GN=TT_C0144 PE=3 SV=1
403,337,sp|Q72I15|RL24_THET2,61.7,73.31,10,1,1,,12057,50S ribosomal protein L24 OS=Thermus thermophilus (strain ATCC BAA-163 / DSM 7039 / HB27) OX=262724 GN=rplX PE=1 SV=1
167,413,Q72L01|Q72L01_THET2,87.2,72.46,5,3,1,,46513,ATP-dependent hsl protease ATP-binding subunit hslU OS=Thermus thermophilus (strain ATCC BAA-163 / DSM 7039 / HB27) OX=262724 GN=hslU PE=3 SV=1
229,408,sp|Q72H00|PSP_THET2,96.9,72.23,11,3,1,,27436,Phosphoserine phosphatase OS=Thermus thermophilus (strain ATCC BAA-163 / DSM 7039 / HB27) OX=262724 GN=TT_C1695 PE=1 SV=1
490,342,Q72II6|Q72II6_THET2,67.0,71.25,8,1,1,,21386,YceI domain-containing protein OS=Thermus thermophilus (strain ATCC BAA-163 / DSM 7039 / HB27) OX=262724 GN=TT_C1146 PE=4 SV=1
363,288,Q72H50|Q72H50_THET2,83.6,70.77,14,2,2,,26920,Hypothetical conserved protein OS=Thermus thermophilus (strain ATCC BAA-163 / DSM 7039 / HB27) OX=262724 GN=TT_C1645 PE=3 SV=1
402,1136,sp|Q72ID6|RPOZ_THET2,61.7,70.35,12,1,1,,11517,DNA-directed RNA polymerase subunit omega OS=Thermus thermophilus (strain ATCC BAA-163 / DSM 7039 / HB27) OX=262724 GN=rpoZ PE=3 SV=1
401,578,Q72IT4|Q72IT4_THET2,61.7,70.28,7,1,1,,30225,Uncharacterized protein OS=Thermus thermophilus (strain ATCC BAA-163 / DSM 7039 / HB27) OX=262724 GN=TT_C1048 PE=4 SV=1
234,254,Q746M3|Q746M3_THET2,82.5,69.99,12,2,1,,18856,2-dehydro-3-deoxy-phosphogluconate aldolase OS=Thermus thermophilus (strain ATCC BAA-163 / DSM 7039 / HB27) OX=262724 GN=TT_P0030 PE=3 SV=1
195,187,Q72GS0|Q72GS0_THET2,96.2,69.86,4,3,2,,47336,NAD(P) transhydrogenase subunit beta OS=Thermus thermophilus (strain ATCC BAA-163 / DSM 7039 / HB27) OX=262724 GN=TT_C1778 PE=1 SV=1
438,231,Q72JY8|Q72JY8_THET2,84.4,69.81,13,2,2,Carbamidomethylation,32647,Putative fructokinase OS=Thermus thermophilus (strain ATCC BAA-163 / DSM 7039 / HB27) OX=262724 GN=TT_C0630 PE=4 SV=1
510,926,sp|Q72JE9|DEOC_THET2,61.7,69.26,7,1,1,,23249,Deoxyribose-phosphate aldolase OS=Thermus thermophilus (strain ATCC BAA-163 / DSM 7039 / HB27) OX=262724 GN=deoC PE=3 SV=1
383,300,sp|Q72L77|RL35_THET2,84.2,69.23,26,2,2,,7484,50S ribosomal protein L35 OS=Thermus thermophilus (strain ATCC BAA-163 / DSM 7039 / HB27) OX=262724 GN=rpmI PE=1 SV=3
509,159,Q72KV1|Q72KV1_THET2,61.7,69.10,9,1,1,,31436,Iron(III) dicitrate-binding protein OS=Thermus thermophilus (strain ATCC BAA-163 / DSM 7039 / HB27) OX=262724 GN=TT_C0390 PE=4 SV=1
511,210,Q72G79|Q72G79_THET2,61.7,68.34,5,1,1,,35855,Oxidoreductase OS=Thermus thermophilus (strain ATCC BAA-163 / DSM 7039 / HB27) OX=262724 GN=TT_C1969 PE=3 SV=1
203,313,sp|Q72I22|RL30_THET2,98.2,67.87,37,3,3,,6785,50S ribosomal protein L30 OS=Thermus thermophilus (strain ATCC BAA-163 / DSM 7039 / HB27) OX=262724 GN=rpmD PE=1 SV=1
305,436,Q72HE8|Q72HE8_THET2,78.4,67.55,11,2,1,,32393,Beta-ureidopropionase OS=Thermus thermophilus (strain ATCC BAA-163 / DSM 7039 / HB27) OX=262724 GN=TT_C1539 PE=4 SV=1
217,248,sp|Q72KU3|PYRD_THET2,97.5,66.97,6,3,1,,37862,Dihydroorotate dehydrogenase (quinone) OS=Thermus thermophilus (strain ATCC BAA-163 / DSM 7039 / HB27) OX=262724 GN=pyrD PE=3 SV=1
513,350,Q72KI9|Q72KI9_THET2,61.7,66.95,7,1,1,,25400,Glutaredoxin-like protein OS=Thermus thermophilus (strain ATCC BAA-163 / DSM 7039 / HB27) OX=262724 GN=TT_C0486 PE=4 SV=1
381,60,sp|P61707|SYA_THET2,84.4,66.90,4,2,2,,97480,Alanine--tRNA ligase OS=Thermus thermophilus (strain ATCC BAA-163 / DSM 7039 / HB27) OX=262724 GN=alaS PE=3 SV=1
512,1230,Q746J9|Q746J9_THET2,61.7,66.88,13,1,1,Carbamidomethylation,31484,NADH-ubiquinone oxidoreductase 39 kDa subunit/NADH dehydrogenase OS=Thermus thermophilus (strain ATCC BAA-163 / DSM 7039 / HB27) OX=262724 GN=TT_P0054 PE=4 SV=1
439,285,sp|Q72JR7|TAL_THET2,84.4,66.56,11,2,2,,24093,Probable transaldolase OS=Thermus thermophilus (strain ATCC BAA-163 / DSM 7039 / HB27) OX=262724 GN=tal PE=3 SV=1
458,214,Q72GB7|Q72GB7_THET2,61.7,66.07,1,1,1,,92789,DNA topoisomerase 1 OS=Thermus thermophilus (strain ATCC BAA-163 / DSM 7039 / HB27) OX=262724 GN=topA PE=3 SV=1
176,320,Q72IB9|Q72IB9_THET2,98.2,65.41,5,4,3,,57066,Delta-1-pyrroline-5-carboxylate dehydrogenase OS=Thermus thermophilus (strain ATCC BAA-163 / DSM 7039 / HB27) OX=262724 GN=TT_C1213 PE=1 SV=1
523,227,Q746P0|Q746P0_THET2,61.7,65.20,3,1,1,,31134,Precorrin-3B C17-methyltransferase OS=Thermus thermophilus (strain ATCC BAA-163 / DSM 7039 / HB27) OX=262724 GN=TT_P0013 PE=4 SV=1
366,196,sp|Q72HM1|RNY_THET2,61.7,64.56,6,1,1,,64623,Ribonuclease Y OS=Thermus thermophilus (strain ATCC BAA-163 / DSM 7039 / HB27) OX=262724 GN=rny PE=3 SV=1
454,232,sp|Q72I39|REX_THET2,61.7,63.33,14,1,1,,23222,Redox-sensing transcriptional repressor Rex OS=Thermus thermophilus (strain ATCC BAA-163 / DSM 7039 / HB27) OX=262724 GN=rex PE=1 SV=1
267,321,sp|Q72I12|RL29_THET2,84.3,63.31,24,2,2,,8650,50S ribosomal protein L29 OS=Thermus thermophilus (strain ATCC BAA-163 / DSM 7039 / HB27) OX=262724 GN=rpmC PE=1 SV=1
456,341,sp|P62660|RS19_THET2,61.7,62.95,12,1,1,,10581,30S ribosomal protein S19 OS=Thermus thermophilus (strain ATCC BAA-163 / DSM 7039 / HB27) OX=262724 GN=rpsS PE=1 SV=2
460,170,sp|Q72LH1|AROA_THET2,61.7,62.74,3,1,1,,46112,3-phosphoshikimate 1-carboxyvinyltransferase OS=Thermus thermophilus (strain ATCC BAA-163 / DSM 7039 / HB27) OX=262724 GN=aroA PE=3 SV=1
443,866,Q72HX9|Q72HX9_THET2,82.0,62.57,8,2,2,,32679,Mechanosensitive ion channel OS=Thermus thermophilus (strain ATCC BAA-163 / DSM 7039 / HB27) OX=262724 GN=TT_C1353 PE=3 SV=1
441,164,sp|Q72H98|PFKA_THET2,83.9,62.52,7,2,2,,33537,ATP-dependent 6-phosphofructokinase OS=Thermus thermophilus (strain ATCC BAA-163 / DSM 7039 / HB27) OX=262724 GN=pfkA PE=3 SV=1
514,310,Q72KM3|Q72KM3_THET2,61.7,61.89,7,1,1,,24228,Uncharacterized protein OS=Thermus thermophilus (strain ATCC BAA-163 / DSM 7039 / HB27) OX=262724 GN=TT_C0384 PE=4 SV=1
517,357,Q72JR4|Q72JR4_THET2,61.7,61.86,4,1,1,,31043,Cell division protein FtsX OS=Thermus thermophilus (strain ATCC BAA-163 / DSM 7039 / HB27) OX=262724 GN=ftsX PE=3 SV=1
515,508,Q72JF3|Q72JF3_THET2,61.7,61.37,5,1,1,,75924,Penicillin-insensitive transglycosylase OS=Thermus thermophilus (strain ATCC BAA-163 / DSM 7039 / HB27) OX=262724 GN=TT_C0819 PE=4 SV=1
455,339,Q72H03|Q72H03_THET2,61.7,61.02,9,1,1,,15599,Universal stress protein family OS=Thermus thermophilus (strain ATCC BAA-163 / DSM 7039 / HB27) OX=262724 GN=TT_C1692 PE=3 SV=1
367,251,Q72L35|Q72L35_THET2,95.0,60.50,4,3,1,,60866,Isopentenyl-diphosphate delta-isomerase OS=Thermus thermophilus (strain ATCC BAA-163 / DSM 7039 / HB27) OX=262724 GN=TT_C0228 PE=4 SV=1
516,1309,sp|Q72JT0|AROE_THET2,61.7,60.07,6,1,1,,28364,Shikimate dehydrogenase (NADP(+)) OS=Thermus thermophilus (strain ATCC BAA-163 / DSM 7039 / HB27) OX=262724 GN=aroE PE=3 SV=1
261,172,Q72KR1|Q72KR1_THET2,98.5,59.40,11,4,3,,29390,Fumarylacetoacetate hydrolase family protein OS=Thermus thermophilus (strain ATCC BAA-163 / DSM 7039 / HB27) OX=262724 GN=TT_C0457 PE=4 SV=1
121,340,sp|Q72IH5|TRMN_THET2,96.5,58.35,6,3,1,Formylation,36980,tRNA (guanine(6)-N2)-methyltransferase OS=Thermus thermophilus (strain ATCC BAA-163 / DSM 7039 / HB27) OX=262724 GN=trmN PE=1 SV=1
382,272,Q72JH7|Q72JH7_THET2,84.3,58.32,8,2,2,,27801,Amino acid ABC transporter  ATP-binding protein OS=Thermus thermophilus (strain ATCC BAA-163 / DSM 7039 / HB27) OX=262724 GN=TT_C0795 PE=4 SV=1
518,1489,Q72H52|Q72H52_THET2,61.7,58.23,6,1,1,,25358,Putative tetratricopeptide repeat family protein OS=Thermus thermophilus (strain ATCC BAA-163 / DSM 7039 / HB27) OX=262724 GN=TT_C1643 PE=4 SV=1
404,262,Q72IX8|Q72IX8_THET2,61.7,57.30,3,1,1,,30381,Signal peptidase I OS=Thermus thermophilus (strain ATCC BAA-163 / DSM 7039 / HB27) OX=262724 GN=TT_C1003 PE=3 SV=1
459,334,sp|Q72L49|Y214_THET2,61.7,56.72,12,1,1,,20957,UPF0340 protein TT_C0214 OS=Thermus thermophilus (strain ATCC BAA-163 / DSM 7039 / HB27) OX=262724 GN=TT_C0214 PE=1 SV=1
522,476,Q72L74|Q72L74_THET2,61.7,56.64,2,1,1,,59468,Glycerol-3-phosphate acyltransferase OS=Thermus thermophilus (strain ATCC BAA-163 / DSM 7039 / HB27) OX=262724 GN=plsY PE=3 SV=1
353,829,Q72HX3|Q72HX3_THET2,61.7,56.57,14,1,1,,8563,SHOCT domain-containing protein OS=Thermus thermophilus (strain ATCC BAA-163 / DSM 7039 / HB27) OX=262724 GN=TT_C1359 PE=4 SV=1
353,1155,Q72HW0|Q72HW0_THET2,61.7,56.57,13,1,1,,9365,SHOCT domain-containing protein OS=Thermus thermophilus (strain ATCC BAA-163 / DSM 7039 / HB27) OX=262724 GN=TT_C1372 PE=4 SV=1
405,333,Q72IR6|Q72IR6_THET2,61.6,56.31,12,1,1,,7748,Uncharacterized protein OS=Thermus thermophilus (strain ATCC BAA-163 / DSM 7039 / HB27) OX=262724 GN=TT_C1066 PE=1 SV=1
422,399,Q72J01|Q72J01_THET2,66.7,56.23,4,1,1,,28020,Mannose-6-phosphate isomerase OS=Thermus thermophilus (strain ATCC BAA-163 / DSM 7039 / HB27) OX=262724 GN=TT_C0980 PE=4 SV=1
385,195,Q72KB3|Q72KB3_THET2,81.1,55.81,3,2,2,,85336,3-hydroxyacyl-CoA dehydrogenase OS=Thermus thermophilus (strain ATCC BAA-163 / DSM 7039 / HB27) OX=262724 GN=TT_C0534 PE=4 SV=1
426,220,Q746P1|Q746P1_THET2,81.9,55.77,12,2,2,,26002,Precorrin-4 C11-methyltransferase OS=Thermus thermophilus (strain ATCC BAA-163 / DSM 7039 / HB27) OX=262724 GN=TT_P0012 PE=3 SV=1
525,1143,Q72GJ1|Q72GJ1_THET2,61.7,55.11,7,1,1,,13145,Translation initiation inhibitor OS=Thermus thermophilus (strain ATCC BAA-163 / DSM 7039 / HB27) OX=262724 GN=TT_C1857 PE=3 SV=1
521,396,Q72I94|Q72I94_THET2,61.7,54.59,11,1,1,,11953,Robl_LC7 domain-containing protein OS=Thermus thermophilus (strain ATCC BAA-163 / DSM 7039 / HB27) OX=262724 GN=TT_C1238 PE=4 SV=1
519,553,Q72H45|Q72H45_THET2,61.7,54.31,13,1,1,,25525,Sulfite dehydrogenase OS=Thermus thermophilus (strain ATCC BAA-163 / DSM 7039 / HB27) OX=262724 GN=TT_C1650 PE=4 SV=1
520,388,sp|Q72LM0|PANB_THET2,61.7,54.30,8,1,1,,28270,3-methyl-2-oxobutanoate hydroxymethyltransferase OS=Thermus thermophilus (strain ATCC BAA-163 / DSM 7039 / HB27) OX=262724 GN=panB PE=3 SV=2
275,1316,Q72IP0|Q72IP0_THET2,61.7,53.01,10,1,1,,13711,Succinate dehydrogenase membrane anchor subunit OS=Thermus thermophilus (strain ATCC BAA-163 / DSM 7039 / HB27) OX=262724 GN=TT_C1092 PE=4 SV=1
286,924,#DECOY#Q72JG9|Q72JG9_THET2,87.6,52.93,3,4,0,,72861,Single-stranded-DNA-specific exonuclease RecJ OS=Thermus thermophilus (strain ATCC BAA-163 / DSM 7039 / HB27) OX=262724 GN=ecJ PE=3 SV=1
425,89,Q72JJ1|Q72JJ1_THET2,94.3,52.34,4,2,1,,33026,Electron transfer flavoprotein alpha-subunit OS=Thermus thermophilus (strain ATCC BAA-163 / DSM 7039 / HB27) OX=262724 GN=TT_C0781 PE=3 SV=1
184,1391,Q72IC8|Q72IC8_THET2,63.4,52.22,2,3,0,,102846,Uncharacterized protein OS=Thermus thermophilus (strain ATCC BAA-163 / DSM 7039 / HB27) OX=262724 GN=TT_C1204 PE=4 SV=1
146,471,#DECOY#Q746K5|Q746K5_THET2,95.5,51.66,5,5,0,,54888,Nucleoside-diphosphate-sugar epimerase OS=Thermus thermophilus (strain ATCC BAA-163 / DSM 7039 / HB27) OX=262724 GN=TT_P0048 PE=4 SV=1
212,514,#DECOY#Q72IH4|Q72IH4_THET2,56.1,51.00,2,2,0,,59328,Predicted GTPase OS=Thermus thermophilus (strain ATCC BAA-163 / DSM 7039 / HB27) OX=262724 GN=TT_C1158 PE=4 SV=1
428,225,Q746A9|Q746A9_THET2,75.0,50.51,3,1,1,,46023,Uncharacterized protein OS=Thermus thermophilus (strain ATCC BAA-163 / DSM 7039 / HB27) OX=262724 GN=TT_P0146 PE=4 SV=1
180,616,Q72H92|Q72H92_THET2,91.3,49.21,2,3,0,,71948,Competence factor comEC OS=Thermus thermophilus (strain ATCC BAA-163 / DSM 7039 / HB27) OX=262724 GN=comE PE=4 SV=1
221,460,#DECOY#Q72IG4|Q72IG4_THET2,91.4,48.28,2,2,0,,65314,Putative oligoendopeptidase F protein OS=Thermus thermophilus (strain ATCC BAA-163 / DSM 7039 / HB27) OX=262724 GN=TT_C1168 PE=3 SV=1
166,774,Q72HT6|Q72HT6_THET2,78.8,48.05,3,2,0,,36791,Uncharacterized protein OS=Thermus thermophilus (strain ATCC BAA-163 / DSM 7039 / HB27) OX=262724 GN=TT_C1400 PE=4 SV=1
524,301,Q72KL0|Q72KL0_THET2,61.7,48.04,8,1,1,,27677,Short chain dehydrogenase OS=Thermus thermophilus (strain ATCC BAA-163 / DSM 7039 / HB27) OX=262724 GN=TT_C0301 PE=3 SV=1
268,1608,#DECOY#Q72IL8|Q72IL8_THET2,81.3,47.60,7,2,0,,16946,Uncharacterized protein OS=Thermus thermophilus (strain ATCC BAA-163 / DSM 7039 / HB27) OX=262724 GN=TT_C1114 PE=4 SV=1
442,292,Q72L00|Q72L00_THET2,82.1,47.08,7,2,1,,19707,ATP-dependent protease hslV OS=Thermus thermophilus (strain ATCC BAA-163 / DSM 7039 / HB27) OX=262724 GN=hslV PE=3 SV=1
295,383,Q72JJ4|Q72JJ4_THET2,87.2,47.08,2,3,0,,106033,Sensory transduction histidine kinase OS=Thermus thermophilus (strain ATCC BAA-163 / DSM 7039 / HB27) OX=262724 GN=TT_C0778 PE=4 SV=1
152,840,Q72K80|Q72K80_THET2,61.1,46.74,2,2,0,,49430,Phosphoglucomutase/phosphomannomutase OS=Thermus thermophilus (strain ATCC BAA-163 / DSM 7039 / HB27) OX=262724 GN=TT_C0291 PE=3 SV=1
214,793,Q72I50|Q72I50_THET2,90.9,46.70,3,4,0,,82502,Endonuclease MutS2 OS=Thermus thermophilus (strain ATCC BAA-163 / DSM 7039 / HB27) OX=262724 GN=mutS PE=3 SV=1
411,855,#DECOY#Q72L46|Q72L46_THET2,50.0,46.51,2,2,0,,68856,Putative ABC transporter component OS=Thermus thermophilus (strain ATCC BAA-163 / DSM 7039 / HB27) OX=262724 GN=TT_C0217 PE=4 SV=1
154,546,Q72L12|Q72L12_THET2,36.5,45.36,1,3,0,,130822,Methionine synthase OS=Thermus thermophilus (strain ATCC BAA-163 / DSM 7039 / HB27) OX=262724 GN=TT_C0253 PE=3 SV=1
535,277,Q72LI0|Q72LI0_THET2,60.1,44.99,1,1,1,,73388,Long-chain-fatty-acid-CoA ligase OS=Thermus thermophilus (strain ATCC BAA-163 / DSM 7039 / HB27) OX=262724 GN=TT_C0079 PE=4 SV=1
125,400,Q72H38|Q72H38_THET2,94.3,44.98,4,3,0,,40226,Putative ATP/GTP-binding integral membrane protein OS=Thermus thermophilus (strain ATCC BAA-163 / DSM 7039 / HB27) OX=262724 GN=TT_C1657 PE=4 SV=1
169,409,#DECOY#sp|Q746B8|PXPA_THET2,95.9,44.48,6,3,0,,26780,5-oxoprolinase subunit A OS=Thermus thermophilus (strain ATCC BAA-163 / DSM 7039 / HB27) OX=262724 GN=pxpA PE=3 SV=1
294,584,Q72GJ8|Q72GJ8_THET2,95.2,44.13,5,3,0,,33032,Phosphate regulon transcriptional regulatory protein phoB OS=Thermus thermophilus (strain ATCC BAA-163 / DSM 7039 / HB27) OX=262724 GN=phoB PE=4 SV=1
185,686,#DECOY#Q72L63|Q72L63_THET2,2.4,43.80,1,3,0,,284946,Uncharacterized protein OS=Thermus thermophilus (strain ATCC BAA-163 / DSM 7039 / HB27) OX=262724 GN=TT_C0200 PE=4 SV=1
186,588,#DECOY#Q72KF0|Q72KF0_THET2,93.6,43.75,2,3,1,,79678,Multifunctional fusion protein OS=Thermus thermophilus (strain ATCC BAA-163 / DSM 7039 / HB27) OX=262724 GN=secD PE=3 SV=1
531,304,Q72GH8|Q72GH8_THET2,60.9,43.71,2,1,1,,35031,Branched-chain-amino-acid aminotransferase OS=Thermus thermophilus (strain ATCC BAA-163 / DSM 7039 / HB27) OX=262724 GN=ilvE PE=3 SV=1
269,319,Q72H67|Q72H67_THET2,79.9,43.63,7,2,1,,32564,Maltose transport system permease protein malF OS=Thermus thermophilus (strain ATCC BAA-163 / DSM 7039 / HB27) OX=262724 GN=malF PE=3 SV=1
430,820,#DECOY#Q72KY5|Q72KY5_THET2,66.8,43.48,3,2,0,,40870,Lipopolysaccharide N-acetylglucosaminyltransferase OS=Thermus thermophilus (strain ATCC BAA-163 / DSM 7039 / HB27) OX=262724 GN=TT_C0280 PE=4 SV=1
164,741,#DECOY#Q72HN1|Q72HN1_THET2,89.7,43.43,3,3,0,,52638,Transporter OS=Thermus thermophilus (strain ATCC BAA-163 / DSM 7039 / HB27) OX=262724 GN=TT_C1455 PE=3 SV=1
205,850,#DECOY#Q72KQ7|Q72KQ7_THET2,85.9,43.37,2,3,0,,68333,DNA polymerase III epsilon chain-like protein OS=Thermus thermophilus (strain ATCC BAA-163 / DSM 7039 / HB27) OX=262724 GN=TT_C0461 PE=4 SV=1
163,569,Q746N8|Q746N8_THET2,93.0,43.36,4,3,0,,43900,CbiX protein OS=Thermus thermophilus (strain ATCC BAA-163 / DSM 7039 / HB27) OX=262724 GN=cbiX PE=4 SV=1
231,713,#DECOY#Q72HA7|Q72HA7_THET2,89.7,43.36,3,3,0,,58173,DNA polymerase III subunit gamma/tau OS=Thermus thermophilus (strain ATCC BAA-163 / DSM 7039 / HB27) OX=262724 GN=dnaX PE=3 SV=1
301,1106,Q72KF9|Q72KF9_THET2,82.8,43.11,2,3,0,,71815,Cation-transporting ATPase OS=Thermus thermophilus (strain ATCC BAA-163 / DSM 7039 / HB27) OX=262724 GN=TT_C0354 PE=3 SV=1
105,497,Q72JA2|Q72JA2_THET2,94.3,42.97,6,4,0,,38634,Peptidoglycan glycosyltransferase RodA OS=Thermus thermophilus (strain ATCC BAA-163 / DSM 7039 / HB27) OX=262724 GN=rodA PE=3 SV=1
365,129,sp|Q72JJ7|RNJ_THET2,75.2,42.92,2,1,1,,64031,Ribonuclease J OS=Thermus thermophilus (strain ATCC BAA-163 / DSM 7039 / HB27) OX=262724 GN=rnj PE=1 SV=1
526,878,sp|Q72JQ1|MURD_THET2,61.6,42.80,8,1,1,,45323,UDP-N-acetylmuramoylalanine--D-glutamate ligase OS=Thermus thermophilus (strain ATCC BAA-163 / DSM 7039 / HB27) OX=262724 GN=murD PE=3 SV=1
182,393,Q72G97|Q72G97_THET2,89.1,42.72,3,3,0,,58056,ATP-dependent DNA helicase recG-related protein OS=Thermus thermophilus (strain ATCC BAA-163 / DSM 7039 / HB27) OX=262724 GN=recG PE=4 SV=1
527,1859,sp|Q72GW3|RL33_THET2,61.6,42.69,17,1,1,,6616,50S ribosomal protein L33 OS=Thermus thermophilus (strain ATCC BAA-163 / DSM 7039 / HB27) OX=262724 GN=rpmG PE=1 SV=1
197,1290,Q72K79|Q72K79_THET2,77.0,42.23,11,2,0,,9968,Uncharacterized protein OS=Thermus thermophilus (strain ATCC BAA-163 / DSM 7039 / HB27) OX=262724 GN=TT_C0292 PE=4 SV=1
386,510,#DECOY#Q72JX8|Q72JX8_THET2,77.4,41.62,5,2,0,,22134,Hypothetical conserved protein OS=Thermus thermophilus (strain ATCC BAA-163 / DSM 7039 / HB27) OX=262724 GN=TT_C0640 PE=4 SV=1
427,202,sp|Q72K55|SPEE_THET2,81.8,41.57,6,2,2,,36006,Polyamine aminopropyltransferase OS=Thermus thermophilus (strain ATCC BAA-163 / DSM 7039 / HB27) OX=262724 GN=speE PE=3 SV=1
178,1455,Q72G64|Q72G64_THET2,95.7,41.35,8,3,0,,21608,Uncharacterized protein OS=Thermus thermophilus (strain ATCC BAA-163 / DSM 7039 / HB27) OX=262724 GN=TT_C1984 PE=4 SV=1
148,745,#DECOY#Q72KC2|Q72KC2_THET2,92.5,41.35,4,3,0,,41707,MFS domain-containing protein OS=Thermus thermophilus (strain ATCC BAA-163 / DSM 7039 / HB27) OX=262724 GN=TT_C0525 PE=4 SV=1
300,571,Q72L54|Q72L54_THET2,83.0,41.34,3,3,0,,61925,Hypothetical conserved protein OS=Thermus thermophilus (strain ATCC BAA-163 / DSM 7039 / HB27) OX=262724 GN=TT_C0209 PE=4 SV=1
304,1065,#DECOY#Q72JD3|Q72JD3_THET2,80.1,41.28,4,2,0,,37433,ABC transporter ATP-binding protein OS=Thermus thermophilus (strain ATCC BAA-163 / DSM 7039 / HB27) OX=262724 GN=TT_C0843 PE=4 SV=1
407,1147,sp|Q72IU3|CCME_THET2,61.3,41.26,5,1,1,,15892,Cytochrome c-type biogenesis protein CcmE OS=Thermus thermophilus (strain ATCC BAA-163 / DSM 7039 / HB27) OX=262724 GN=ccmE PE=3 SV=1
368,800,#DECOY#Q72K52|Q72K52_THET2,93.4,41.23,6,2,0,,18050,Putative cationic outer membrane protein ompH OS=Thermus thermophilus (strain ATCC BAA-163 / DSM 7039 / HB27) OX=262724 GN=ompH PE=3 SV=1
431,2148,Q72IB2|Q72IB2_THET2,62.1,41.19,2,2,0,,45265,Site-specific DNA-methyltransferase (adenine-specific) OS=Thermus thermophilus (strain ATCC BAA-163 / DSM 7039 / HB27) OX=262724 GN=TT_C1220 PE=3 SV=1
208,184,Q72GD9|Q72GD9_THET2,76.4,41.05,2,2,1,,65145,NADH-quinone oxidoreductase chain L OS=Thermus thermophilus (strain ATCC BAA-163 / DSM 7039 / HB27) OX=262724 GN=TT_C1909 PE=3 SV=1
251,1254,Q72LC3|Q72LC3_THET2,77.3,41.03,3,2,0,,39135,Hypothetical cytosolic protein OS=Thermus thermophilus (strain ATCC BAA-163 / DSM 7039 / HB27) OX=262724 GN=TT_C0136 PE=3 SV=1
470,2019,sp|Q72J92|SECA_THET2,24.0,40.88,1,2,1,,113939,Protein translocase subunit SecA OS=Thermus thermophilus (strain ATCC BAA-163 / DSM 7039 / HB27) OX=262724 GN=secA PE=3 SV=1
528,312,Q72GU5|Q72GU5_THET2,61.6,40.87,3,1,1,,48855,Dihydrolipoyl dehydrogenase OS=Thermus thermophilus (strain ATCC BAA-163 / DSM 7039 / HB27) OX=262724 GN=TT_C1753 PE=3 SV=1
240,750,#DECOY#Q72GE0|Q72GE0_THET2,59.8,40.85,2,2,0,,49193,NADH-quinone oxidoreductase chain M OS=Thermus thermophilus (strain ATCC BAA-163 / DSM 7039 / HB27) OX=262724 GN=TT_C1908 PE=3 SV=1
218,577,Q72K93|Q72K93_THET2,76.0,40.78,2,3,0,,84452,Ribonuclease R OS=Thermus thermophilus (strain ATCC BAA-163 / DSM 7039 / HB27) OX=262724 GN=rnr PE=3 SV=1
529,349,Q72GP0|Q72GP0_THET2,61.6,40.56,35,1,1,,19364,Hypothetical conserved protein OS=Thermus thermophilus (strain ATCC BAA-163 / DSM 7039 / HB27) OX=262724 GN=TT_C1808 PE=4 SV=1
220,548,Q72H51|Q72H51_THET2,92.5,40.24,3,3,0,,52143,Uncharacterized protein OS=Thermus thermophilus (strain ATCC BAA-163 / DSM 7039 / HB27) OX=262724 GN=TT_C1644 PE=4 SV=1
236,645,sp|Q746H2|PARB_THET2,77.3,40.13,4,2,0,,33323,Probable plasmid-partitioning protein ParB OS=Thermus thermophilus (strain ATCC BAA-163 / DSM 7039 / HB27) OX=262724 GN=parB PE=3 SV=1
461,747,Q72K60|Q72K60_THET2,61.5,40.06,2,1,1,,59655,Sodium/proline symporter OS=Thermus thermophilus (strain ATCC BAA-163 / DSM 7039 / HB27) OX=262724 GN=TT_C0467 PE=3 SV=1
335,592,#DECOY#Q72LC7|Q72LC7_THET2,95.8,39.95,6,3,0,,26614,Probable transcriptional regulator  merR family OS=Thermus thermophilus (strain ATCC BAA-163 / DSM 7039 / HB27) OX=262724 GN=merR PE=4 SV=1
342,870,#DECOY#sp|Q72H33|DEF_THET2,75.4,39.91,5,2,0,,22092,Peptide deformylase OS=Thermus thermophilus (strain ATCC BAA-163 / DSM 7039 / HB27) OX=262724 GN=def PE=3 SV=1
147,524,Q72K18|Q72K18_THET2,94.6,39.84,6,3,0,,25925,Branched-chain amino acid transport ATP-binding protein livF OS=Thermus thermophilus (strain ATCC BAA-163 / DSM 7039 / HB27) OX=262724 GN=livF PE=4 SV=1
384,358,Q72L69|Q72L69_THET2,83.3,38.86,6,2,2,,30369,Purine nucleoside phosphorylase OS=Thermus thermophilus (strain ATCC BAA-163 / DSM 7039 / HB27) OX=262724 GN=TT_C0194 PE=3 SV=1
412,1783,#DECOY#Q72KB4|Q72KB4_THET2,48.6,38.72,2,3,0,,109713,Transcription-repair-coupling factor OS=Thermus thermophilus (strain ATCC BAA-163 / DSM 7039 / HB27) OX=262724 GN=mfd PE=1 SV=1
469,1293,Q72KK7|Q72KK7_THET2,30.5,38.56,1,2,0,,94133,Pyruvate  orthophosphate dikinase OS=Thermus thermophilus (strain ATCC BAA-163 / DSM 7039 / HB27) OX=262724 GN=TT_C0304 PE=3 SV=1
181,648,#DECOY#Q72L33|Q72L33_THET2,89.9,38.37,3,3,0,Oxidation (M),49201,Coproporphyrinogen III oxidase OS=Thermus thermophilus (strain ATCC BAA-163 / DSM 7039 / HB27) OX=262724 GN=TT_C0230 PE=3 SV=1
357,1614,Q72KB4|Q72KB4_THET2,52.3,37.83,2,3,0,,109713,Transcription-repair-coupling factor OS=Thermus thermophilus (strain ATCC BAA-163 / DSM 7039 / HB27) OX=262724 GN=mfd PE=1 SV=1
369,812,sp|P61526|ASSY_THET2,89.1,37.79,2,2,0,,44716,Argininosuccinate synthase OS=Thermus thermophilus (strain ATCC BAA-163 / DSM 7039 / HB27) OX=262724 GN=argG PE=3 SV=1
250,669,#DECOY#Q72J77|Q72J77_THET2,88.9,37.78,3,3,1,,85789,ATP-dependent DNA helicase RecG OS=Thermus thermophilus (strain ATCC BAA-163 / DSM 7039 / HB27) OX=262724 GN=recG PE=3 SV=1
406,1195,Q72KJ2|Q72KJ2_THET2,61.5,37.71,6,1,1,,16654,Uncharacterized protein OS=Thermus thermophilus (strain ATCC BAA-163 / DSM 7039 / HB27) OX=262724 GN=TT_C0442 PE=4 SV=1
352,605,#DECOY#Q72H20|Q72H20_THET2,63.2,37.34,2,2,0,,42577,Uracil permease OS=Thermus thermophilus (strain ATCC BAA-163 / DSM 7039 / HB27) OX=262724 GN=TT_C1675 PE=3 SV=1
338,371,sp|P61500|RECA_THET2,79.7,37.33,4,2,0,,36342,Protein RecA OS=Thermus thermophilus (strain ATCC BAA-163 / DSM 7039 / HB27) OX=262724 GN=recA PE=3 SV=1
329,1219,Q746F3|Q746F3_THET2,66.7,37.16,1,2,0,,90249,CRISPR system single-strand-specific deoxyribonuclease Cas10/Csm1 (subtype III-A) OS=Thermus thermophilus (strain ATCC BAA-163 / DSM 7039 / HB27) OX=262724 GN=TT_P0102 PE=3 SV=1
219,1029,#DECOY#Q746B7|Q746B7_THET2,31.9,37.12,1,2,0,,113613,Sulfur carrier protein FdhD OS=Thermus thermophilus (strain ATCC BAA-163 / DSM 7039 / HB27) OX=262724 GN=fdhD PE=3 SV=1
408,1881,Q72G98|Q72G98_THET2,60.8,37.10,2,2,0,,45451,Ammonium transporter OS=Thermus thermophilus (strain ATCC BAA-163 / DSM 7039 / HB27) OX=262724 GN=TT_C1950 PE=3 SV=1
318,226,Q72JJ6|Q72JJ6_THET2,94.0,37.01,2,2,1,,86927,Putative cation-transporting ATPase pacL OS=Thermus thermophilus (strain ATCC BAA-163 / DSM 7039 / HB27) OX=262724 GN=pacL PE=4 SV=1
362,705,Q72K39|Q72K39_THET2,92.6,36.96,4,3,1,,53911,Hypothetical conserved protein OS=Thermus thermophilus (strain ATCC BAA-163 / DSM 7039 / HB27) OX=262724 GN=TT_C0579 PE=4 SV=1
242,453,#DECOY#sp|P96137|ARGJ_THET2,95.0,36.95,4,3,1,,40302,Arginine biosynthesis bifunctional protein ArgJ OS=Thermus thermophilus (strain ATCC BAA-163 / DSM 7039 / HB27) OX=262724 GN=argJ PE=3 SV=2
344,837,#DECOY#Q746P8|Q746P8_THET2,72.8,36.79,4,2,0,,25069,Adenosylcobinamide-GDP ribazoletransferase OS=Thermus thermophilus (strain ATCC BAA-163 / DSM 7039 / HB27) OX=262724 GN=cobS PE=3 SV=1
331,1037,Q72J86|Q72J86_THET2,40.8,36.79,1,2,0,,80935,Probable ATP-dependent helicase lhr OS=Thermus thermophilus (strain ATCC BAA-163 / DSM 7039 / HB27) OX=262724 GN=TT_C0893 PE=4 SV=1
530,518,Q72LN4|Q72LN4_THET2,61.5,36.75,20,1,1,,14084,Probable methylmalonyl-coA epimerase OS=Thermus thermophilus (strain ATCC BAA-163 / DSM 7039 / HB27) OX=262724 GN=coA PE=3 SV=1
388,456,#DECOY#Q72G88|Q72G88_THET2,72.9,36.71,3,2,2,,42095,Aminotransferase OS=Thermus thermophilus (strain ATCC BAA-163 / DSM 7039 / HB27) OX=262724 GN=TT_C1960 PE=3 SV=1
310,484,#DECOY#Q72IS2|Q72IS2_THET2,74.6,36.71,5,2,0,,22088,ABC transporter substrate-binding protein OS=Thermus thermophilus (strain ATCC BAA-163 / DSM 7039 / HB27) OX=262724 GN=TT_C1060 PE=4 SV=1
345,481,#DECOY#Q72KL6|Q72KL6_THET2,72.4,36.71,4,2,0,,24952,Probable membrane transporter protein OS=Thermus thermophilus (strain ATCC BAA-163 / DSM 7039 / HB27) OX=262724 GN=TT_C0309 PE=3 SV=1
358,1073,#DECOY#Q72JX9|Q72JX9_THET2,40.2,36.71,1,2,0,,81798,Uncharacterized protein OS=Thermus thermophilus (strain ATCC BAA-163 / DSM 7039 / HB27) OX=262724 GN=TT_C0639 PE=4 SV=1
137,1900,Q72H13|Q72H13_THET2,26.4,36.70,1,2,0,,109941,Hypothetical membrane spanning protein OS=Thermus thermophilus (strain ATCC BAA-163 / DSM 7039 / HB27) OX=262724 GN=TT_C1682 PE=4 SV=1
348,754,Q72J77|Q72J77_THET2,67.5,36.61,1,2,0,,85789,ATP-dependent DNA helicase RecG OS=Thermus thermophilus (strain ATCC BAA-163 / DSM 7039 / HB27) OX=262724 GN=recG PE=3 SV=1
419,441,Q72K86|Q72K86_THET2,85.0,36.59,3,2,1,,54200,Bifunctional purine biosynthesis protein PurH OS=Thermus thermophilus (strain ATCC BAA-163 / DSM 7039 / HB27) OX=262724 GN=purH PE=3 SV=1
447,927,sp|Q72L14|CLPX_THET2,64.7,36.57,4,2,1,,44435,ATP-dependent Clp protease ATP-binding subunit ClpX OS=Thermus thermophilus (strain ATCC BAA-163 / DSM 7039 / HB27) OX=262724 GN=clpX PE=3 SV=1
354,643,#DECOY#sp|Q72LH1|AROA_THET2,61.7,36.49,2,2,0,,46112,3-phosphoshikimate 1-carboxyvinyltransferase OS=Thermus thermophilus (strain ATCC BAA-163 / DSM 7039 / HB27) OX=262724 GN=aroA PE=3 SV=1
313,624,sp|P54903|PROA_THET2,62.3,36.37,2,2,0,,45851,Gamma-glutamyl phosphate reductase OS=Thermus thermophilus (strain ATCC BAA-163 / DSM 7039 / HB27) OX=262724 GN=proA PE=3 SV=3
153,1165,#DECOY#Q72KY4|Q72KY4_THET2,59.4,36.32,2,2,0,,50596,Uncharacterized protein OS=Thermus thermophilus (strain ATCC BAA-163 / DSM 7039 / HB27) OX=262724 GN=TT_C0281 PE=4 SV=1
271,1554,Q72JV1|Q72JV1_THET2,70.3,36.26,4,2,0,,28993,L-serine dehydratase OS=Thermus thermophilus (strain ATCC BAA-163 / DSM 7039 / HB27) OX=262724 GN=TT_C0667 PE=3 SV=1
444,1353,Q746N6|Q746N6_THET2,77.6,36.24,5,2,1,,24519,Uroporphyrinogen III methylase OS=Thermus thermophilus (strain ATCC BAA-163 / DSM 7039 / HB27) OX=262724 GN=TT_P0017 PE=3 SV=1
328,500,Q72GR3|Q72GR3_THET2,73.3,36.16,2,2,0,,52867,Mg(2+) chelatase family protein OS=Thermus thermophilus (strain ATCC BAA-163 / DSM 7039 / HB27) OX=262724 GN=TT_C1785 PE=3 SV=1
319,659,Q72HT9|Q72HT9_THET2,83.4,36.06,2,2,0,,58653,Putative response regulator protein OS=Thermus thermophilus (strain ATCC BAA-163 / DSM 7039 / HB27) OX=262724 GN=TT_C1397 PE=4 SV=1
287,923,#DECOY#Q72LK6|Q72LK6_THET2,47.7,36.00,2,2,0,,69384,Hypothetical conserved protein OS=Thermus thermophilus (strain ATCC BAA-163 / DSM 7039 / HB27) OX=262724 GN=TT_C0053 PE=4 SV=1
311,516,#DECOY#Q72HL8|Q72HL8_THET2,71.4,35.88,4,2,0,,28356,Aminomethyltransferase OS=Thermus thermophilus (strain ATCC BAA-163 / DSM 7039 / HB27) OX=262724 GN=TT_C1469 PE=4 SV=1
311,1573,#DECOY#Q72J29|Q72J29_THET2,42.1,35.88,1,2,0,,75924,Transporter OS=Thermus thermophilus (strain ATCC BAA-163 / DSM 7039 / HB27) OX=262724 GN=TT_C0952 PE=4 SV=1
312,389,Q72KV3|Q72KV3_THET2,67.8,35.88,3,2,0,,35615,Histidine kinase OS=Thermus thermophilus (strain ATCC BAA-163 / DSM 7039 / HB27) OX=262724 GN=TT_C0388 PE=4 SV=1
238,1173,Q72JD4|Q72JD4_THET2,70.8,35.53,4,2,0,,29827,ABC transporter permease protein OS=Thermus thermophilus (strain ATCC BAA-163 / DSM 7039 / HB27) OX=262724 GN=TT_C0842 PE=4 SV=1
307,1351,Q72L75|Q72L75_THET2,76.5,35.53,6,2,0,,16513,Hypothetical conserved protein OS=Thermus thermophilus (strain ATCC BAA-163 / DSM 7039 / HB27) OX=262724 GN=TT_C0186 PE=4 SV=1
315,1056,#DECOY#Q72JZ9|Q72JZ9_THET2,56.9,35.51,2,2,0,,52642,L-aspartate oxidase OS=Thermus thermophilus (strain ATCC BAA-163 / DSM 7039 / HB27) OX=262724 GN=TT_C0619 PE=3 SV=1
211,676,#DECOY#Q72JG3|Q72JG3_THET2,57.1,35.45,2,2,0,,52715,Trk system potassium uptake protein trkG OS=Thermus thermophilus (strain ATCC BAA-163 / DSM 7039 / HB27) OX=262724 GN=trkG PE=4 SV=1
346,1497,#DECOY#Q72K18|Q72K18_THET2,72.2,35.39,4,2,0,,25925,Branched-chain amino acid transport ATP-binding protein livF OS=Thermus thermophilus (strain ATCC BAA-163 / DSM 7039 / HB27) OX=262724 GN=livF PE=4 SV=1
359,1092,#DECOY#Q72HX8|Q72HX8_THET2,39.6,35.36,1,2,0,,81863,Hypothetical cytosolic protein OS=Thermus thermophilus (strain ATCC BAA-163 / DSM 7039 / HB27) OX=262724 GN=TT_C1354 PE=4 SV=1
239,1661,#DECOY#Q72JT4|Q72JT4_THET2,67.1,35.19,3,2,0,,36772,PhoH protein OS=Thermus thermophilus (strain ATCC BAA-163 / DSM 7039 / HB27) OX=262724 GN=phoH PE=4 SV=1
356,770,#DECOY#Q72GW9|Q72GW9_THET2,54.1,35.10,2,2,1,,56096,Probable cytosol aminopeptidase OS=Thermus thermophilus (strain ATCC BAA-163 / DSM 7039 / HB27) OX=262724 GN=pepA PE=3 SV=1
445,1057,#DECOY#Q72K07|Q72K07_THET2,65.5,34.98,3,2,0,,38542,Sugar transport ATP-binding protein OS=Thermus thermophilus (strain ATCC BAA-163 / DSM 7039 / HB27) OX=262724 GN=TT_C0611 PE=4 SV=1
463,322,Q746C5|Q746C5_THET2,55.3,34.86,1,2,1,,194401,Hypothetical conserved protein OS=Thermus thermophilus (strain ATCC BAA-163 / DSM 7039 / HB27) OX=262724 GN=TT_P0130 PE=4 SV=1
392,708,#DECOY#Q72GH5|Q72GH5_THET2,66.3,34.69,3,2,0,,36235,Competence protein dprA OS=Thermus thermophilus (strain ATCC BAA-163 / DSM 7039 / HB27) OX=262724 GN=dprA PE=3 SV=1
171,1272,Q72JY0|Q72JY0_THET2,30.6,34.68,1,2,0,,95452,DNA helicase OS=Thermus thermophilus (strain ATCC BAA-163 / DSM 7039 / HB27) OX=262724 GN=TT_C0638 PE=4 SV=1
389,466,#DECOY#Q72HZ2|Q72HZ2_THET2,70.4,34.59,4,2,0,,28351,DUF4388 domain-containing protein OS=Thermus thermophilus (strain ATCC BAA-163 / DSM 7039 / HB27) OX=262724 GN=TT_C1340 PE=4 SV=1
196,581,#DECOY#Q72K84|Q72K84_THET2,86.7,34.58,2,2,0,,42713,Na(+)/H(+) antiporter OS=Thermus thermophilus (strain ATCC BAA-163 / DSM 7039 / HB27) OX=262724 GN=TT_C0563 PE=4 SV=1
191,538,#DECOY#sp|Q72I16|RL5_THET2,86.5,34.56,9,2,1,Formylation,21044,50S ribosomal protein L5 OS=Thermus thermophilus (strain ATCC BAA-163 / DSM 7039 / HB27) OX=262724 GN=rplE PE=1 SV=3
309,1405,Q72GM5|Q72GM5_THET2,74.9,34.44,6,2,0,,18427,t(6)A37 threonylcarbamoyladenosine biosynthesis protein TsaE OS=Thermus thermophilus (strain ATCC BAA-163 / DSM 7039 / HB27) OX=262724 GN=TT_C1823 PE=3 SV=1
270,567,#DECOY#Q72GM8|Q72GM8_THET2,70.8,34.26,4,2,0,,27278,Cyanophycinase OS=Thermus thermophilus (strain ATCC BAA-163 / DSM 7039 / HB27) OX=262724 GN=TT_C1820 PE=4 SV=1
391,641,sp|Q72IA9|DDL_THET2,66.9,34.24,3,2,0,,34700,D-alanine--D-alanine ligase OS=Thermus thermophilus (strain ATCC BAA-163 / DSM 7039 / HB27) OX=262724 GN=ddl PE=3 SV=1
349,2152,Q745U9|Q745U9_THET2,67.4,34.08,3,2,1,,36907,Uncharacterized protein OS=Thermus thermophilus (strain ATCC BAA-163 / DSM 7039 / HB27) OX=262724 GN=TT_P0208 PE=4 SV=1
416,1193,#DECOY#Q72KI1|Q72KI1_THET2,33.7,34.06,1,2,0,,88667,tRNA nucleotidyltransferase OS=Thermus thermophilus (strain ATCC BAA-163 / DSM 7039 / HB27) OX=262724 GN=TT_C0479 PE=3 SV=1
183,402,#DECOY#Q72IV2|Q72IV2_THET2,77.9,34.00,4,2,0,,27520,DUF4388 domain-containing protein OS=Thermus thermophilus (strain ATCC BAA-163 / DSM 7039 / HB27) OX=262724 GN=TT_C1029 PE=4 SV=1
413,995,Q72KP8|Q72KP8_THET2,47.4,33.76,12,2,1,Formylation,26123,Putative hydrolase OS=Thermus thermophilus (strain ATCC BAA-163 / DSM 7039 / HB27) OX=262724 GN=TT_C0340 PE=4 SV=1
355,1767,#DECOY#Q72GK3|Q72GK3_THET2,60.8,33.70,3,2,0,,43907,General secretion pathway protein F OS=Thermus thermophilus (strain ATCC BAA-163 / DSM 7039 / HB27) OX=262724 GN=TT_C1845 PE=3 SV=1
343,1400,Q72I82|Q72I82_THET2,74.3,33.68,6,2,0,,18890,Adenine phosphoribosyltransferase OS=Thermus thermophilus (strain ATCC BAA-163 / DSM 7039 / HB27) OX=262724 GN=TT_C1250 PE=4 SV=1
347,324,Q72IJ4|Q72IJ4_THET2,70.6,33.49,4,2,0,,25605,Two-component response regulator OS=Thermus thermophilus (strain ATCC BAA-163 / DSM 7039 / HB27) OX=262724 GN=TT_C1138 PE=4 SV=1
225,611,#DECOY#Q72KF9|Q72KF9_THET2,59.7,33.48,2,2,0,,71815,Cation-transporting ATPase OS=Thermus thermophilus (strain ATCC BAA-163 / DSM 7039 / HB27) OX=262724 GN=TT_C0354 PE=3 SV=1
136,917,Q745V6|Q745V6_THET2,82.6,33.46,2,3,0,,85637,Uncharacterized protein OS=Thermus thermophilus (strain ATCC BAA-163 / DSM 7039 / HB27) OX=262724 GN=TT_P0199 PE=4 SV=1
279,651,#DECOY#Q72KY3|Q72KY3_THET2,48.7,33.46,2,2,0,,66054,Asparagine synthetase OS=Thermus thermophilus (strain ATCC BAA-163 / DSM 7039 / HB27) OX=262724 GN=TT_C0282 PE=4 SV=1
306,1296,sp|Q72HB4|YF81_THET2,77.2,33.34,9,2,0,,12289,UPF0145 protein TT_C1581 OS=Thermus thermophilus (strain ATCC BAA-163 / DSM 7039 / HB27) OX=262724 GN=TT_C1581 PE=3 SV=1
278,726,Q72GE4|Q72GE4_THET2,55.1,33.29,2,2,0,,51737,UDP-N-acetylmuramyl-tripeptide synthetase OS=Thermus thermophilus (strain ATCC BAA-163 / DSM 7039 / HB27) OX=262724 GN=murE PE=3 SV=1
450,854,Q72KG2|Q72KG2_THET2,63.0,33.26,3,2,2,,42810,Cell wall endopeptidase  family M23/M37 OS=Thermus thermophilus (strain ATCC BAA-163 / DSM 7039 / HB27) OX=262724 GN=TT_C0351 PE=4 SV=1
432,137,Q72K32|Q72K32_THET2,53.7,33.22,2,2,0,,56832,D-3-phosphoglycerate dehydrogenase OS=Thermus thermophilus (strain ATCC BAA-163 / DSM 7039 / HB27) OX=262724 GN=TT_C0586 PE=3 SV=1
209,1421,Q72IM3|Q72IM3_THET2,74.4,33.20,5,2,0,,16790,Uncharacterized protein OS=Thermus thermophilus (strain ATCC BAA-163 / DSM 7039 / HB27) OX=262724 GN=TT_C1109 PE=4 SV=1
198,743,Q72JZ4|Q72JZ4_THET2,54.0,33.15,2,2,0,,53139,Urea carboxylase/allophanate hydrolase OS=Thermus thermophilus (strain ATCC BAA-163 / DSM 7039 / HB27) OX=262724 GN=TT_C0624 PE=4 SV=1
471,3538,Q72L63|Q72L63_THET2,2.4,32.87,0,2,0,,284946,Uncharacterized protein OS=Thermus thermophilus (strain ATCC BAA-163 / DSM 7039 / HB27) OX=262724 GN=TT_C0200 PE=4 SV=1
252,1048,#DECOY#Q72HW1|Q72HW1_THET2,73.2,32.85,1,2,0,,73924,Copper-exporting ATPase OS=Thermus thermophilus (strain ATCC BAA-163 / DSM 7039 / HB27) OX=262724 GN=TT_C1371 PE=3 SV=1
449,783,#DECOY#Q72GN5|Q72GN5_THET2,63.2,32.73,3,2,0,,37901,Serine-pyruvate aminotransferase OS=Thermus thermophilus (strain ATCC BAA-163 / DSM 7039 / HB27) OX=262724 GN=TT_C1813 PE=3 SV=1
350,373,sp|Q72H32|FMT_THET2,66.9,32.72,3,2,0,,33324,Methionyl-tRNA formyltransferase OS=Thermus thermophilus (strain ATCC BAA-163 / DSM 7039 / HB27) OX=262724 GN=fmt PE=3 SV=1
276,207,Q72LC4|Q72LC4_THET2,60.3,32.63,2,1,1,,41824,Probable coenzyme F390 synthetase/phenylaceate-CoA ligase OS=Thermus thermophilus (strain ATCC BAA-163 / DSM 7039 / HB27) OX=262724 GN=TT_C0135 PE=4 SV=1
332,1389,#DECOY#Q72JY9|Q72JY9_THET2,33.3,32.58,1,2,0,,101323,HD-hydrolase domain OS=Thermus thermophilus (strain ATCC BAA-163 / DSM 7039 / HB27) OX=262724 GN=TT_C0629 PE=4 SV=1
418,347,sp|Q72IA8|PTH_THET2,74.8,32.54,10,1,1,,20179,Peptidyl-tRNA hydrolase OS=Thermus thermophilus (strain ATCC BAA-163 / DSM 7039 / HB27) OX=262724 GN=pth PE=3 SV=1
390,1241,Q72KL6|Q72KL6_THET2,69.7,32.47,4,2,0,,24952,Probable membrane transporter protein OS=Thermus thermophilus (strain ATCC BAA-163 / DSM 7039 / HB27) OX=262724 GN=TT_C0309 PE=3 SV=1
199,1063,Q72JZ1|Q72JZ1_THET2,46.0,32.39,1,2,0,,82088,Hypothetical conserved protein OS=Thermus thermophilus (strain ATCC BAA-163 / DSM 7039 / HB27) OX=262724 GN=TT_C0627 PE=4 SV=1
417,332,#DECOY#Q72GZ7|Q72GZ7_THET2,95.1,32.21,1,2,1,,101002,Oxoglutarate dehydrogenase (succinyl-transferring) OS=Thermus thermophilus (strain ATCC BAA-163 / DSM 7039 / HB27) OX=262724 GN=TT_C1698 PE=4 SV=1
241,683,sp|Q72IF6|TILS_THET2,52.8,32.11,2,2,0,,56281,tRNA(Ile)-lysidine synthase OS=Thermus thermophilus (strain ATCC BAA-163 / DSM 7039 / HB27) OX=262724 GN=tilS PE=3 SV=1
210,658,#DECOY#Q72KH0|Q72KH0_THET2,66.5,32.01,3,2,0,,31735,Molybdate-binding protein OS=Thermus thermophilus (strain ATCC BAA-163 / DSM 7039 / HB27) OX=262724 GN=TT_C0365 PE=3 SV=1
393,1096,#DECOY#sp|Q72J70|VATC_THET2,65.9,31.94,4,2,1,Oxidation (M); Formylation,35947,V-type ATP synthase subunit C OS=Thermus thermophilus (strain ATCC BAA-163 / DSM 7039 / HB27) OX=262724 GN=atpC PE=3 SV=1
317,644,#DECOY#Q72IC8|Q72IC8_THET2,56.6,31.90,1,2,1,,102846,Uncharacterized protein OS=Thermus thermophilus (strain ATCC BAA-163 / DSM 7039 / HB27) OX=262724 GN=TT_C1204 PE=4 SV=1
223,474,#DECOY#Q746K4|Q746K4_THET2,76.8,31.87,4,2,0,,28549,Uncharacterized protein OS=Thermus thermophilus (strain ATCC BAA-163 / DSM 7039 / HB27) OX=262724 GN=TT_P0049 PE=4 SV=1
351,407,#DECOY#sp|Q72I07|RL2_THET2,66.7,31.81,4,2,0,,30468,50S ribosomal protein L2 OS=Thermus thermophilus (strain ATCC BAA-163 / DSM 7039 / HB27) OX=262724 GN=rplB PE=1 SV=1
330,346,Q72IJ6|Q72IJ6_THET2,58.6,31.79,2,2,1,,89251,Phosphoenolpyruvate synthase OS=Thermus thermophilus (strain ATCC BAA-163 / DSM 7039 / HB27) OX=262724 GN=TT_C1136 PE=3 SV=1
387,859,Q746C7|Q746C7_THET2,73.0,31.65,1,2,1,Formylation,186468,Uncharacterized protein OS=Thermus thermophilus (strain ATCC BAA-163 / DSM 7039 / HB27) OX=262724 GN=TT_P0128 PE=4 SV=1
246,606,sp|Q72K85|MNME_THET2,90.4,31.41,2,2,0,,46935,tRNA modification GTPase MnmE OS=Thermus thermophilus (strain ATCC BAA-163 / DSM 7039 / HB27) OX=262724 GN=mnmE PE=3 SV=1
246,1440,#DECOY#Q745U6|Q745U6_THET2,89.3,31.41,2,2,0,,45453,ATPase OS=Thermus thermophilus (strain ATCC BAA-163 / DSM 7039 / HB27) OX=262724 GN=TT_P0211 PE=4 SV=1
462,311,sp|P61502|SODM_THET2,60.6,31.31,3,1,1,,23230,Superoxide dismutase [Mn] OS=Thermus thermophilus (strain ATCC BAA-163 / DSM 7039 / HB27) OX=262724 GN=sodA PE=3 SV=2
277,735,Q72KK9|Q72KK9_THET2,59.2,30.93,3,2,1,,39935,MFS domain-containing protein OS=Thermus thermophilus (strain ATCC BAA-163 / DSM 7039 / HB27) OX=262724 GN=TT_C0302 PE=4 SV=1
394,599,Q72HU4|Q72HU4_THET2,62.8,30.91,3,2,0,,37451,Putative mannosyltransferase OS=Thermus thermophilus (strain ATCC BAA-163 / DSM 7039 / HB27) OX=262724 GN=TT_C1390 PE=4 SV=1
341,937,#DECOY#Q72H59|Q72H59_THET2,75.8,30.89,4,2,0,,33065,Cysteine synthase OS=Thermus thermophilus (strain ATCC BAA-163 / DSM 7039 / HB27) OX=262724 GN=TT_C1636 PE=3 SV=1
395,1741,#DECOY#Q72JB4|Q72JB4_THET2,61.9,30.71,3,2,0,,37988,Tryptophan--tRNA ligase OS=Thermus thermophilus (strain ATCC BAA-163 / DSM 7039 / HB27) OX=262724 GN=trpS PE=3 SV=1
253,940,Q72J55|Q72J55_THET2,72.3,30.65,3,2,0,,35012,Hypothetical membrane spanning protein OS=Thermus thermophilus (strain ATCC BAA-163 / DSM 7039 / HB27) OX=262724 GN=TT_C0924 PE=4 SV=1
415,1350,#DECOY#Q72GB8|Q72GB8_THET2,40.1,30.53,1,2,1,,198665,Ribonucleoside-diphosphate reductase OS=Thermus thermophilus (strain ATCC BAA-163 / DSM 7039 / HB27) OX=262724 GN=TT_C1930 PE=3 SV=1
451,720,Q72J56|Q72J56_THET2,61.9,30.45,3,2,1,,41032,Nuclease SbcCD subunit D OS=Thermus thermophilus (strain ATCC BAA-163 / DSM 7039 / HB27) OX=262724 GN=sbcD PE=3 SV=1
237,1014,Q72KR2|Q72KR2_THET2,71.0,30.37,6,2,0,,19177,Hypothetical membrane spanning protein OS=Thermus thermophilus (strain ATCC BAA-163 / DSM 7039 / HB27) OX=262724 GN=TT_C0456 PE=4 SV=1
243,533,#DECOY#Q72HK1|Q72HK1_THET2,88.3,29.92,2,2,1,,101705,Uncharacterized protein OS=Thermus thermophilus (strain ATCC BAA-163 / DSM 7039 / HB27) OX=262724 GN=TT_C1486 PE=4 SV=1
409,2951,#DECOY#Q72KG4|Q72KG4_THET2,57.6,29.86,3,2,0,,43939,Transcription termination/antitermination protein NusA OS=Thermus thermophilus (strain ATCC BAA-163 / DSM 7039 / HB27) OX=262724 GN=nusA PE=3 SV=1
446,464,sp|Q72HA9|ARGB_THET2,65.3,29.71,4,2,0,Oxidation (M),25897,Acetylglutamate kinase OS=Thermus thermophilus (strain ATCC BAA-163 / DSM 7039 / HB27) OX=262724 GN=argB PE=1 SV=1
532,1891,#DECOY#Q72LK7|Q72LK7_THET2,60.7,29.41,8,1,1,Formylation,17727,Probable nitrilotriacetate monooxygenase component B OS=Thermus thermophilus (strain ATCC BAA-163 / DSM 7039 / HB27) OX=262724 GN=TT_C0052 PE=1 SV=1
255,811,#DECOY#sp|O66271|FUMC_THET2,62.1,28.91,2,2,0,,50882,Fumarate hydratase class II OS=Thermus thermophilus (strain ATCC BAA-163 / DSM 7039 / HB27) OX=262724 GN=fumC PE=3 SV=2
272,1358,Q745Y1|Q745Y1_THET2,66.0,28.58,3,2,0,,38016,Peptidase_M75 domain-containing protein OS=Thermus thermophilus (strain ATCC BAA-163 / DSM 7039 / HB27) OX=262724 GN=TT_P0174 PE=4 SV=1
280,877,Q72J83|Q72J83_THET2,41.0,28.04,2,2,0,,66238,DNA primase OS=Thermus thermophilus (strain ATCC BAA-163 / DSM 7039 / HB27) OX=262724 GN=dnaG PE=3 SV=1
254,470,#DECOY#Q72HH4|Q72HH4_THET2,67.6,28.03,3,2,1,,41233,Sugar-binding protein OS=Thermus thermophilus (strain ATCC BAA-163 / DSM 7039 / HB27) OX=262724 GN=TT_C1513 PE=4 SV=1
533,219,sp|Q72LG3|FENR_THET2,60.5,27.94,4,1,1,,36177,Ferredoxin--NADP reductase OS=Thermus thermophilus (strain ATCC BAA-163 / DSM 7039 / HB27) OX=262724 GN=TT_C0096 PE=3 SV=1
468,1102,Q72L10|Q72L10_THET2,35.7,27.53,2,2,0,,69544,Anthranilate synthase component II/para-aminobenzoate synthase glutamine amidotransferase component II OS=Thermus thermophilus (strain ATCC BAA-163 / DSM 7039 / HB27) OX=262724 GN=TT_C0255 PE=4 SV=1
421,1031,#DECOY#sp|Q72L85|SYG_THET2,76.7,27.40,4,2,1,,58272,Glycine--tRNA ligase OS=Thermus thermophilus (strain ATCC BAA-163 / DSM 7039 / HB27) OX=262724 GN=glyQS PE=3 SV=1
281,746,#DECOY#Q72KA4|Q72KA4_THET2,18.0,27.35,1,2,1,,112399,Chromosome partition protein smc OS=Thermus thermophilus (strain ATCC BAA-163 / DSM 7039 / HB27) OX=262724 GN=TT_C0543 PE=4 SV=1
534,1878,sp|P62652|RL32_THET2,60.3,26.77,12,1,1,,6717,50S ribosomal protein L32 OS=Thermus thermophilus (strain ATCC BAA-163 / DSM 7039 / HB27) OX=262724 GN=rpmF PE=1 SV=2
448,3285,Q746D2|Q746D2_THET2,63.6,25.97,4,2,0,,28778,Hypothetical membrane spanning protein OS=Thermus thermophilus (strain ATCC BAA-163 / DSM 7039 / HB27) OX=262724 GN=TT_P0123 PE=4 SV=1
475,695,#DECOY#Q72LQ4|Q72LQ4_THET2,53.7,24.52,1,1,0,,47663,Hypothetical conserved protein OS=Thermus thermophilus (strain ATCC BAA-163 / DSM 7039 / HB27) OX=262724 GN=TT_C0004 PE=4 SV=1
316,1956,Q72GZ3|Q72GZ3_THET2,56.7,23.80,3,1,1,,20388,Amino-acid acetyltransferase OS=Thermus thermophilus (strain ATCC BAA-163 / DSM 7039 / HB27) OX=262724 GN=TT_C1703 PE=4 SV=1
316,1885,#DECOY#Q746J7|Q746J7_THET2,55.4,23.80,2,1,1,,31109,Probable transcriptional regulator OS=Thermus thermophilus (strain ATCC BAA-163 / DSM 7039 / HB27) OX=262724 GN=TT_P0056 PE=1 SV=1
494,478,#DECOY#Q745Y3|Q745Y3_THET2,60.3,23.53,2,1,1,Formylation,34632,Diguanylate cyclase/phosphodiesterase domain 1 (GGDEF) OS=Thermus thermophilus (strain ATCC BAA-163 / DSM 7039 / HB27) OX=262724 GN=TT_P0172 PE=4 SV=1
481,238,sp|P62655|RS13_THET2,73.2,22.59,6,1,1,,14305,30S ribosomal protein S13 OS=Thermus thermophilus (strain ATCC BAA-163 / DSM 7039 / HB27) OX=262724 GN=rpsM PE=1 SV=2
170,1674,#DECOY#sp|Q72GU2|ODBB_THET2,57.8,22.35,4,1,1,,35083,2-oxoisovalerate dehydrogenase subunit beta OS=Thermus thermophilus (strain ATCC BAA-163 / DSM 7039 / HB27) OX=262724 GN=TT_C1756 PE=3 SV=1
545,458,Q72IR7|Q72IR7_THET2,29.8,22.12,1,1,1,,61014,Long-chain-fatty-acid-CoA ligase OS=Thermus thermophilus (strain ATCC BAA-163 / DSM 7039 / HB27) OX=262724 GN=TT_C1065 PE=4 SV=1
545,61,Q72IN3|Q72IN3_THET2,29.3,22.12,1,1,1,,62489,Long-chain-fatty-acid-CoA ligase OS=Thermus thermophilus (strain ATCC BAA-163 / DSM 7039 / HB27) OX=262724 GN=TT_C1099 PE=4 SV=1
476,768,#DECOY#Q72JW9|Q72JW9_THET2,53.0,21.93,1,1,0,,44378,ABC transporter permease protein OS=Thermus thermophilus (strain ATCC BAA-163 / DSM 7039 / HB27) OX=262724 GN=TT_C0649 PE=4 SV=1
476,789,#DECOY#Q72JD1|Q72JD1_THET2,46.3,21.93,1,1,0,,57128,(R)-citramalate synthase OS=Thermus thermophilus (strain ATCC BAA-163 / DSM 7039 / HB27) OX=262724 GN=TT_C0847 PE=3 SV=1
482,785,#DECOY#sp|P61728|RISB_THET2,61.0,21.50,4,1,1,,16647,6 7-dimethyl-8-ribityllumazine synthase OS=Thermus thermophilus (strain ATCC BAA-163 / DSM 7039 / HB27) OX=262724 GN=ribH PE=3 SV=1
410,590,#DECOY#Q72HX7|Q72HX7_THET2,56.8,21.02,1,1,1,Formylation,82509,Guanosine-3' 5'-bis(Diphosphate) 3'-pyrophosphohydrolase OS=Thermus thermophilus (strain ATCC BAA-163 / DSM 7039 / HB27) OX=262724 GN=TT_C1355 PE=3 SV=1
360,1632,Q72K71|Q72K71_THET2,54.2,20.78,4,1,1,,19554,Uncharacterized protein OS=Thermus thermophilus (strain ATCC BAA-163 / DSM 7039 / HB27) OX=262724 GN=TT_C0492 PE=4 SV=1
536,2176,#DECOY#sp|Q72I09|RL22_THET2,54.2,20.67,6,1,1,Formylation,12780,50S ribosomal protein L22 OS=Thermus thermophilus (strain ATCC BAA-163 / DSM 7039 / HB27) OX=262724 GN=rplV PE=1 SV=1
538,260,Q72KS0|Q72KS0_THET2,42.4,20.43,2,1,1,,24528,Short chain dehydrogenase/reductase OS=Thermus thermophilus (strain ATCC BAA-163 / DSM 7039 / HB27) OX=262724 GN=TT_C0410 PE=3 SV=1
538,856,#DECOY#Q72II3|Q72II3_THET2,32.6,20.43,1,1,1,,48826,Adenylosuccinate lyase OS=Thermus thermophilus (strain ATCC BAA-163 / DSM 7039 / HB27) OX=262724 GN=TT_C1149 PE=3 SV=1
538,2438,#DECOY#Q72JP8|Q72JP8_THET2,32.1,20.43,1,1,1,,47913,UDP-N-acetylmuramate--L-alanine ligase OS=Thermus thermophilus (strain ATCC BAA-163 / DSM 7039 / HB27) OX=262724 GN=murC PE=3 SV=1
489,287,sp|Q72G72|GLGC_THET2,68.5,20.31,2,1,1,,47195,Glucose-1-phosphate adenylyltransferase OS=Thermus thermophilus (strain ATCC BAA-163 / DSM 7039 / HB27) OX=262724 GN=glgC PE=3 SV=1
464,1164,Q72JS9|Q72JS9_THET2,51.0,20.10,5,1,1,,20753,Hypothetical conserved protein OS=Thermus thermophilus (strain ATCC BAA-163 / DSM 7039 / HB27) OX=262724 GN=TT_C0689 PE=3 SV=1
477,1572,#DECOY#Q72L35|Q72L35_THET2,39.7,20.00,1,1,0,,60866,Isopentenyl-diphosphate delta-isomerase OS=Thermus thermophilus (strain ATCC BAA-163 / DSM 7039 / HB27) OX=262724 GN=TT_C0228 PE=4 SV=1
